{
    "meta": {
        "req_path": "./data/Mozilla/04/RE.csv",
        "test_path": "./data/Mozilla/04/ST.csv",
        "mapping_path": "./data/Mozilla/04/mapping.csv"
    },
    "data": {
        "links": {
            "R-10": [],
            "R-14": [],
            "R-16": [
                "T-16"
            ],
            "R-19": [
                "T-130",
                "T-304"
            ],
            "R-36": [
                "T-36"
            ],
            "R-37": [
                "T-37"
            ],
            "R-41": [
                "T-41"
            ],
            "R-52": [
                "T-52"
            ],
            "R-69": [
                "T-69"
            ],
            "R-93": [],
            "R-99": [],
            "R-115": [
                "T-115"
            ],
            "R-130": [
                "T-130",
                "T-180",
                "T-184"
            ],
            "R-165": [],
            "R-171": [],
            "R-174": [
                "T-174"
            ],
            "R-180": [
                "T-174",
                "T-180"
            ],
            "R-184": [
                "T-174",
                "T-180",
                "T-184"
            ],
            "R-190": [],
            "R-214": [
                "T-214"
            ],
            "R-224": [
                "T-224"
            ],
            "R-253": [
                "T-253"
            ],
            "R-293": [],
            "R-304": [
                "T-304"
            ],
            "R-324": [
                "T-324"
            ]
        },
        "err": {},
        "time_to_analyze": 17.190950957126915,
        "GPU": {
            "utilization": {
                "avg": 92.40298507462687,
                "std": 16.756780356739664,
                "max": 100.0
            },
            "avg_temperature": 50.43283582089552
        },
        "VRAM": {
            "max_usage_MiB": 16139.0,
            "utilization": {
                "avg": 43.940298507462686,
                "std": 11.069861619423232,
                "max": 64.0
            }
        }
    }
}