{
  "prevalence": 0.1111111111111111,
  "all_n": {
    "name": "all_n",
    "population": [
      81,
      81,
      81,
      81,
      81,
      81,
      81,
      81,
      81,
      81
    ],
    "size": 10,
    "total": 810,
    "min": 81,
    "q1": 81,
    "median": 81.0,
    "q3": 81,
    "max": 81,
    "mean": 81.0,
    "sd": 0.0
  },
  "all_tp": {
    "name": "all_tp",
    "population": [
      3,
      3,
      3,
      3,
      3,
      3,
      3,
      3,
      3,
      3
    ],
    "size": 10,
    "total": 30,
    "min": 3,
    "q1": 3,
    "median": 3.0,
    "q3": 3,
    "max": 3,
    "mean": 3.0,
    "sd": 0.0
  },
  "all_tn": {
    "name": "all_tn",
    "population": [
      65,
      65,
      65,
      65,
      65,
      65,
      65,
      65,
      65,
      65
    ],
    "size": 10,
    "total": 650,
    "min": 65,
    "q1": 65,
    "median": 65.0,
    "q3": 65,
    "max": 65,
    "mean": 65.0,
    "sd": 0.0
  },
  "all_fp": {
    "name": "all_fp",
    "population": [
      7,
      7,
      7,
      7,
      7,
      7,
      7,
      7,
      7,
      7
    ],
    "size": 10,
    "total": 70,
    "min": 7,
    "q1": 7,
    "median": 7.0,
    "q3": 7,
    "max": 7,
    "mean": 7.0,
    "sd": 0.0
  },
  "all_fn": {
    "name": "all_fn",
    "population": [
      6,
      6,
      6,
      6,
      6,
      6,
      6,
      6,
      6,
      6
    ],
    "size": 10,
    "total": 60,
    "min": 6,
    "q1": 6,
    "median": 6.0,
    "q3": 6,
    "max": 6,
    "mean": 6.0,
    "sd": 0.0
  },
  "all_accuracy": {
    "name": "all_accuracy",
    "population": [
      0.8395061728395061,
      0.8395061728395061,
      0.8395061728395061,
      0.8395061728395061,
      0.8395061728395061,
      0.8395061728395061,
      0.8395061728395061,
      0.8395061728395061,
      0.8395061728395061,
      0.8395061728395061
    ],
    "size": 10,
    "total": 8.395061728395062,
    "min": 0.8395061728395061,
    "q1": 0.8395061728395061,
    "median": 0.8395061728395061,
    "q3": 0.8395061728395061,
    "max": 0.8395061728395061,
    "mean": 0.8395061728395061,
    "sd": 0.0
  },
  "all_balanced_accuracy": {
    "name": "all_balanced_accuracy",
    "population": [
      0.6077464788732394,
      0.6077464788732394,
      0.6077464788732394,
      0.6077464788732394,
      0.6077464788732394,
      0.6077464788732394,
      0.6077464788732394,
      0.6077464788732394,
      0.6077464788732394,
      0.6077464788732394
    ],
    "size": 10,
    "total": 6.077464788732394,
    "min": 0.6077464788732394,
    "q1": 0.6077464788732394,
    "median": 0.6077464788732394,
    "q3": 0.6077464788732394,
    "max": 0.6077464788732394,
    "mean": 0.6077464788732394,
    "sd": 0.0
  },
  "all_f1": {
    "name": "all_f1",
    "population": [
      0.3157894736842105,
      0.3157894736842105,
      0.3157894736842105,
      0.3157894736842105,
      0.3157894736842105,
      0.3157894736842105,
      0.3157894736842105,
      0.3157894736842105,
      0.3157894736842105,
      0.3157894736842105
    ],
    "size": 10,
    "total": 3.1578947368421058,
    "min": 0.3157894736842105,
    "q1": 0.3157894736842105,
    "median": 0.3157894736842105,
    "q3": 0.3157894736842105,
    "max": 0.3157894736842105,
    "mean": 0.31578947368421056,
    "sd": 5.551115123125783e-17
  },
  "all_recall": {
    "name": "all_recall",
    "population": [
      0.3333333333333333,
      0.3333333333333333,
      0.3333333333333333,
      0.3333333333333333,
      0.3333333333333333,
      0.3333333333333333,
      0.3333333333333333,
      0.3333333333333333,
      0.3333333333333333,
      0.3333333333333333
    ],
    "size": 10,
    "total": 3.3333333333333335,
    "min": 0.3333333333333333,
    "q1": 0.3333333333333333,
    "median": 0.3333333333333333,
    "q3": 0.3333333333333333,
    "max": 0.3333333333333333,
    "mean": 0.33333333333333337,
    "sd": 5.551115123125783e-17
  },
  "all_precision": {
    "name": "all_precision",
    "population": [
      0.3,
      0.3,
      0.3,
      0.3,
      0.3,
      0.3,
      0.3,
      0.3,
      0.3,
      0.3
    ],
    "size": 10,
    "total": 2.9999999999999996,
    "min": 0.3,
    "q1": 0.3,
    "median": 0.3,
    "q3": 0.3,
    "max": 0.3,
    "mean": 0.29999999999999993,
    "sd": 5.551115123125783e-17
  },
  "all_specificity": {
    "name": "all_specificity",
    "population": [
      0.9154929577464789,
      0.9154929577464789,
      0.9154929577464789,
      0.9154929577464789,
      0.9154929577464789,
      0.9154929577464789,
      0.9154929577464789,
      0.9154929577464789,
      0.9154929577464789,
      0.9154929577464789
    ],
    "size": 10,
    "total": 9.154929577464788,
    "min": 0.9154929577464789,
    "q1": 0.9154929577464789,
    "median": 0.9154929577464789,
    "q3": 0.9154929577464789,
    "max": 0.9154929577464789,
    "mean": 0.9154929577464788,
    "sd": 1.1102230246251565e-16
  },
  "frequency_table": {
    "true": {
      "FR01": {},
      "FR02": {
        "T-2": 10
      },
      "FR10": {
        "T-3": 10
      },
      "FR11": {
        "T-4": 10
      },
      "FR12": {},
      "FR13": {},
      "FR14": {},
      "FR15": {},
      "FR16": {}
    },
    "false": {
      "FR01": {},
      "FR02": {},
      "FR10": {},
      "FR11": {
        "T-6": 10,
        "T-5": 10,
        "T-7": 10
      },
      "FR12": {
        "T-2": 10
      },
      "FR13": {},
      "FR14": {
        "T-3": 10,
        "T-4": 10
      },
      "FR15": {
        "T-2": 5,
        "T-4": 5
      },
      "FR16": {}
    }
  },
  "all_err": {
    "name": "all_err",
    "population": [
      3,
      3,
      3,
      3,
      3,
      3,
      3,
      3,
      3,
      3
    ],
    "size": 10,
    "total": 30,
    "min": 3,
    "q1": 3,
    "median": 3.0,
    "q3": 3,
    "max": 3,
    "mean": 3.0,
    "sd": 0.0
  },
  "all_time_to_analyze": {
    "name": "all_time_to_analyze",
    "population": [
      23.6447210223414,
      22.161609364906326,
      23.883114274591208,
      22.17893299786374,
      22.957419135142118,
      23.302504169754684,
      23.212020128034055,
      22.38419728190638,
      22.46431340673007,
      22.632224809378386
    ],
    "size": 10,
    "total": 228.82105659064837,
    "min": 22.161609364906326,
    "q1": 22.38419728190638,
    "median": 22.79482197226025,
    "q3": 23.302504169754684,
    "max": 23.883114274591208,
    "mean": 22.882105659064838,
    "sd": 0.5808030030500978
  },
  "all_gpu_util_mean": {
    "name": "all_gpu_util_mean",
    "population": [
      57.151162790697676,
      58.78048780487805,
      59.20224719101124,
      58.68292682926829,
      56.43529411764706,
      58.95402298850575,
      58.98837209302326,
      58.76829268292683,
      57.94047619047619,
      59.433734939759034
    ],
    "size": 10,
    "total": 584.3370176281933,
    "min": 56.43529411764706,
    "q1": 57.94047619047619,
    "median": 58.77439024390244,
    "q3": 58.98837209302326,
    "max": 59.433734939759034,
    "mean": 58.433701762819325,
    "sd": 0.9135238013495783
  },
  "all_gpu_util_max": {
    "name": "all_gpu_util_max",
    "population": [
      100.0,
      100.0,
      100.0,
      100.0,
      100.0,
      100.0,
      100.0,
      100.0,
      98.0,
      100.0
    ],
    "size": 10,
    "total": 998.0,
    "min": 98.0,
    "q1": 100.0,
    "median": 100.0,
    "q3": 100.0,
    "max": 100.0,
    "mean": 99.8,
    "sd": 0.6
  },
  "all_vram_util_mean": {
    "name": "all_vram_util_mean",
    "population": [
      16.151162790697676,
      16.829268292682926,
      17.48314606741573,
      17.463414634146343,
      16.011764705882353,
      17.862068965517242,
      17.127906976744185,
      17.23170731707317,
      17.023809523809526,
      18.096385542168676
    ],
    "size": 10,
    "total": 171.28063481613782,
    "min": 16.011764705882353,
    "q1": 16.829268292682926,
    "median": 17.17980714690868,
    "q3": 17.48314606741573,