{
    "meta": {
        "req_path": "./data/AMINA/10/RE.csv",
        "test_path": "./data/AMINA/10/ST.csv",
        "mapping_path": "./data/AMINA/10/mapping.csv"
    },
    "data": {
        "links": {
            "S28": [
                "63"
            ],
            "S30": [
                "483",
                "484"
            ],
            "S58": [
                "247"
            ],
            "S60": [
                "251"
            ],
            "S73": [
                "447",
                "448"
            ],
            "S81": [
                "463",
                "464"
            ],
            "S94": [
                "149"
            ],
            "S116": [
                "49"
            ],
            "S117": [
                "50"
            ],
            "S119": [
                "149",
                "216",
                "238",
                "331",
                "332",
                "485",
                "593",
                "594"
            ],
            "S135": [
                "216"
            ],
            "S139": [
                "222"
            ],
            "S172": [
                "29",
                "149",
                "238",
                "310",
                "331",
                "348"
            ],
            "S174": [
                "348"
            ],
            "S192": [
                "479"
            ],
            "S236": [
                "23"
            ],
            "B15": [
                "310"
            ],
            "B34": [
                "331"
            ],
            "B35": [
                "332"
            ],
            "B46": [
                "467",
                "468"
            ],
            "B73": [
                "224"
            ],
            "B85": [
                "238",
                "332"
            ],
            "B87": [
                "271"
            ],
            "B91": [
                "279"
            ],
            "S560": [
                "101"
            ]
        },
        "err": {},
        "time_to_analyze": 12.839451444568112,
        "GPU": {
            "utilization": {
                "avg": 82.94444444444444,
                "std": 25.571517665623027,
                "max": 100.0
            },
            "avg_temperature": 43.2962962962963
        },
        "VRAM": {
            "max_usage_MiB": 15491.0,
            "utilization": {
                "avg": 44.7037037037037,
                "std": 18.46223031726965,
                "max": 62.0
            }
        }
    }
}