{
    "meta": {
        "req_path": "./data/Mozilla/01/RE.csv",
        "test_path": "./data/Mozilla/01/ST.csv",
        "mapping_path": "./data/Mozilla/01/mapping.csv"
    },
    "data": {
        "links": {
            "R-16": [],
            "R-19": [
                "T-19"
            ],
            "R-27": [
                "T-27"
            ],
            "R-35": [
                "T-35"
            ],
            "R-36": [
                "T-36"
            ],
            "R-60": [
                "T-60"
            ],
            "R-62": [
                "T-62"
            ],
            "R-71": [
                "T-71"
            ],
            "R-102": [],
            "R-123": [],
            "R-136": [],
            "R-148": [],
            "R-166": [],
            "R-185": [
                "T-185"
            ],
            "R-197": [
                "T-197"
            ],
            "R-203": [],
            "R-224": [],
            "R-225": [],
            "R-229": [],
            "R-235": [
                "T-235"
            ],
            "R-245": [],
            "R-247": [
                "T-247"
            ],
            "R-297": [
                "T-297"
            ],
            "R-298": [],
            "R-308": []
        },
        "err": {},
        "time_to_analyze": 17.829353196546435,
        "GPU": {
            "utilization": {
                "avg": 82.34426229508196,
                "std": 20.53848845939548,
                "max": 100.0
            },
            "avg_temperature": 46.0
        },
        "VRAM": {
            "max_usage_MiB": 5947.0,
            "utilization": {
                "avg": 47.278688524590166,
                "std": 19.68682397572971,
                "max": 67.0
            }
        }
    }
}