{
    "meta": {
        "req_path": "./data/Mozilla/09/RE.csv",
        "test_path": "./data/Mozilla/09/ST.csv",
        "mapping_path": "./data/Mozilla/09/mapping.csv"
    },
    "data": {
        "links": {
            "R-7": [],
            "R-30": [
                "T-30"
            ],
            "R-48": [
                "T-48"
            ],
            "R-65": [
                "T-65"
            ],
            "R-76": [
                "T-76"
            ],
            "R-87": [],
            "R-92": [],
            "R-101": [
                "T-101"
            ],
            "R-106": [
                "T-106"
            ],
            "R-113": [],
            "R-140": [],
            "R-156": [
                "T-156"
            ],
            "R-159": [
                "T-159"
            ],
            "R-165": [],
            "R-170": [],
            "R-172": [
                "T-172"
            ],
            "R-183": [
                "T-183"
            ],
            "R-187": [
                "T-183",
                "T-183"
            ],
            "R-199": [
                "T-199"
            ],
            "R-204": [
                "T-204"
            ],
            "R-238": [
                "T-238"
            ],
            "R-247": [
                "T-247"
            ],
            "R-251": [],
            "R-285": [],
            "R-291": []
        },
        "err": {},
        "time_to_analyze": 18.501252990216017,
        "GPU": {
            "utilization": {
                "avg": 93.125,
                "std": 14.73898490589966,
                "max": 100.0
            },
            "avg_temperature": 46.263888888888886
        },
        "VRAM": {
            "max_usage_MiB": 7173.0,
            "utilization": {
                "avg": 39.31944444444444,
                "std": 9.595812450669271,
                "max": 48.0
            }
        }
    }
}