{
    "meta": {
        "req_path": "./data/Mozilla/06/RE.csv",
        "test_path": "./data/Mozilla/06/ST.csv",
        "mapping_path": "./data/Mozilla/06/mapping.csv"
    },
    "data": {
        "links": {
            "R-6": [],
            "R-9": [
                "T-9"
            ],
            "R-12": [
                "T-12"
            ],
            "R-16": [
                "T-16"
            ],
            "R-36": [
                "T-151"
            ],
            "R-38": [],
            "R-58": [
                "T-58"
            ],
            "R-68": [],
            "R-72": [
                "T-72"
            ],
            "R-76": [
                "T-76"
            ],
            "R-87": [],
            "R-90": [
                "T-90"
            ],
            "R-95": [
                "T-95"
            ],
            "R-104": [],
            "R-112": [],
            "R-116": [
                "T-116"
            ],
            "R-123": [
                "T-123"
            ],
            "R-130": [
                "T-130"
            ],
            "R-139": [],
            "R-151": [
                "T-151"
            ],
            "R-188": [
                "T-188"
            ],
            "R-192": [],
            "R-204": [
                "T-204"
            ],
            "R-209": [
                "T-209"
            ],
            "R-320": [
                "T-320"
            ]
        },
        "err": {},
        "time_to_analyze": 20.844699610490352,
        "GPU": {
            "utilization": {
                "avg": 84.1842105263158,
                "std": 20.27984912916648,
                "max": 100.0
            },
            "avg_temperature": 47.18421052631579
        },
        "VRAM": {
            "max_usage_MiB": 6241.0,
            "utilization": {
                "avg": 48.3421052631579,
                "std": 19.2835353823438,
                "max": 66.0
            }
        }
    }
}