{
    "meta": {
        "req_path": "./data/Mozilla/03/RE.csv",
        "test_path": "./data/Mozilla/03/ST.csv",
        "mapping_path": "./data/Mozilla/03/mapping.csv"
    },
    "data": {
        "links": {
            "R-17": [],
            "R-18": [
                "T-18"
            ],
            "R-36": [
                "T-36"
            ],
            "R-40": [
                "T-40"
            ],
            "R-47": [
                "T-47"
            ],
            "R-48": [
                "T-48"
            ],
            "R-66": [],
            "R-77": [],
            "R-94": [],
            "R-99": [],
            "R-110": [],
            "R-118": [
                "T-118"
            ],
            "R-123": [
                "T-123"
            ],
            "R-151": [
                "T-151"
            ],
            "R-155": [],
            "R-185": [
                "T-185"
            ],
            "R-199": [
                "T-199"
            ],
            "R-204": [
                "T-204"
            ],
            "R-215": [],
            "R-224": [],
            "R-247": [
                "T-247"
            ],
            "R-289": [],
            "R-303": [
                "T-303"
            ],
            "R-311": [],
            "R-322": []
        },
        "err": {},
        "time_to_analyze": 14.70428352477029,
        "GPU": {
            "utilization": {
                "avg": 90.03333333333333,
                "std": 21.85000226247257,
                "max": 100.0
            },
            "avg_temperature": 46.13333333333333
        },
        "VRAM": {
            "max_usage_MiB": 7055.0,
            "utilization": {
                "avg": 39.666666666666664,
                "std": 11.651240810719626,
                "max": 47.0
            }
        }
    }
}