{
  "prevalence": 0.1111111111111111,
  "all_n": {
    "name": "all_n",
    "population": [
      81,
      81,
      81,
      81,
      81,
      81,
      81,
      81,
      81,
      81
    ],
    "size": 10,
    "total": 810,
    "min": 81,
    "q1": 81,
    "median": 81.0,
    "q3": 81,
    "max": 81,
    "mean": 81.0,
    "sd": 0.0
  },
  "all_tp": {
    "name": "all_tp",
    "population": [
      0,
      0,
      1,
      0,
      0,
      2,
      0,
      0,
      1,
      0
    ],
    "size": 10,
    "total": 4,
    "min": 0,
    "q1": 0,
    "median": 0.0,
    "q3": 1,
    "max": 2,
    "mean": 0.4,
    "sd": 0.66332495807108
  },
  "all_tn": {
    "name": "all_tn",
    "population": [
      72,
      72,
      67,
      72,
      72,
      60,
      72,
      72,
      64,
      72
    ],
    "size": 10,
    "total": 695,
    "min": 60,
    "q1": 67,
    "median": 72.0,
    "q3": 72,
    "max": 72,
    "mean": 69.5,
    "sd": 4.129164564412516
  },
  "all_fp": {
    "name": "all_fp",
    "population": [
      0,
      0,
      5,
      0,
      0,
      12,
      0,
      0,
      8,
      0
    ],
    "size": 10,
    "total": 25,
    "min": 0,
    "q1": 0,
    "median": 0.0,
    "q3": 5,
    "max": 12,
    "mean": 2.5,
    "sd": 4.129164564412516
  },
  "all_fn": {
    "name": "all_fn",
    "population": [
      9,
      9,
      8,
      9,
      9,
      7,
      9,
      9,
      8,
      9
    ],
    "size": 10,
    "total": 86,
    "min": 7,
    "q1": 8,
    "median": 9.0,
    "q3": 9,
    "max": 9,
    "mean": 8.6,
    "sd": 0.6633249580710799
  },
  "all_accuracy": {
    "name": "all_accuracy",
    "population": [
      0.8888888888888888,
      0.8888888888888888,
      0.8395061728395061,
      0.8888888888888888,
      0.8888888888888888,
      0.7654320987654321,
      0.8888888888888888,
      0.8888888888888888,
      0.8024691358024691,
      0.8888888888888888
    ],
    "size": 10,
    "total": 8.62962962962963,
    "min": 0.7654320987654321,
    "q1": 0.8395061728395061,
    "median": 0.8888888888888888,
    "q3": 0.8888888888888888,
    "max": 0.8888888888888888,
    "mean": 0.8629629629629629,
    "sd": 0.04292676210052766
  },
  "all_balanced_accuracy": {
    "name": "all_balanced_accuracy",
    "population": [
      0.4444444444444444,
      0.4444444444444444,
      0.53,
      0.4444444444444444,
      0.4444444444444444,
      0.5191897654584222,
      0.4444444444444444,
      0.4444444444444444,
      0.5,
      0.4444444444444444
    ],
    "size": 10,
    "total": 4.660300876569534,
    "min": 0.4444444444444444,
    "q1": 0.4444444444444444,
    "median": 0.4444444444444444,
    "q3": 0.5,
    "max": 0.53,
    "mean": 0.46603008765695336,
    "sd": 0.033665465872331934
  },
  "all_f1": {
    "name": "all_f1",
    "population": [
      0.0,
      0.0,
      0.13333333333333333,
      0.0,
      0.0,
      0.17391304347826086,
      0.0,
      0.0,
      0.1111111111111111,
      0.0
    ],
    "size": 10,
    "total": 0.4183574879227053,
    "min": 0.0,
    "q1": 0.0,
    "median": 0.0,
    "q3": 0.1111111111111111,
    "max": 0.17391304347826086,
    "mean": 0.041835748792270526,
    "sd": 0.06547282238600628
  },
  "all_recall": {
    "name": "all_recall",
    "population": [
      0.0,
      0.0,
      0.1111111111111111,
      0.0,
      0.0,
      0.2222222222222222,
      0.0,
      0.0,
      0.1111111111111111,
      0.0
    ],
    "size": 10,
    "total": 0.4444444444444444,
    "min": 0.0,
    "q1": 0.0,
    "median": 0.0,
    "q3": 0.1111111111111111,
    "max": 0.2222222222222222,
    "mean": 0.04444444444444444,
    "sd": 0.07370277311900887
  },
  "all_precision": {
    "name": "all_precision",
    "population": [
      0.0,
      0.0,
      0.16666666666666666,
      0.0,
      0.0,
      0.14285714285714285,
      0.0,
      0.0,
      0.1111111111111111,
      0.0
    ],
    "size": 10,
    "total": 0.42063492063492064,
    "min": 0.0,
    "q1": 0.0,
    "median": 0.0,
    "q3": 0.1111111111111111,
    "max": 0.16666666666666666,
    "mean": 0.04206349206349207,
    "sd": 0.06545093307942598
  },
  "all_specificity": {
    "name": "all_specificity",
    "population": [
      0.8888888888888888,
      0.8888888888888888,
      0.8933333333333333,
      0.8888888888888888,
      0.8888888888888888,
      0.8955223880597015,
      0.8888888888888888,
      0.8888888888888888,
      0.8888888888888888,
      0.8888888888888888
    ],
    "size": 10,
    "total": 8.899966832504147,
    "min": 0.8888888888888888,
    "q1": 0.8888888888888888,
    "median": 0.8888888888888888,
    "q3": 0.8888888888888888,
    "max": 0.8955223880597015,
    "mean": 0.8899966832504147,
    "sd": 0.00226901551767819
  },
  "frequency_table": {
    "true": {
      "FR01": {},
      "FR02": {},
      "FR10": {
        "T-3": 1
      },
      "FR11": {
        "T-4": 2
      },
      "FR12": {},
      "FR13": {},
      "FR14": {
        "T-7": 1
      },
      "FR15": {},
      "FR16": {}
    },
    "false": {
      "FR01": {},
      "FR02": {},
      "FR10": {
        "T-5": 1,
        "T-9": 1,
        "T-1": 1,
        "T-4": 1,
        "T-6": 1,
        "T-2": 1,
        "T-7": 1,
        "T-8": 1
      },
      "FR11": {
        "T-5": 2,
        "T-1": 2,
        "T-6": 2,
        "T-2": 2,
        "T-7": 2
      },
      "FR12": {},
      "FR13": {},
      "FR14": {
        "T-3": 1,
        "T-5": 1,
        "T-9": 1,
        "T-1": 1,
        "T-4": 1,
        "T-6": 1,
        "T-2": 1
      },
      "FR15": {},
      "FR16": {}
    }
  },
  "all_err": {
    "name": "all_err",
    "population": [
      9,
      9,
      8,
      9,
      9,
      7,
      9,
      9,
      8,
      9
    ],
    "size": 10,
    "total": 86,
    "min": 7,
    "q1": 8,
    "median": 9.0,
    "q3": 9,
    "max": 9,
    "mean": 8.6,
    "sd": 0.6633249580710799
  },
  "all_time_to_analyze": {
    "name": "all_time_to_analyze",
    "population": [
      410.9423976317048,
      424.1461882388685,
      289.81533265672624,
      557.2752189447638,
      413.80439255875535,
      283.6234721583314,
      561.8828995211516,
      613.9416953362525,
      378.2978012058884,
      406.1945330980234
    ],
    "size": 10,
    "total": 4339.923931350466,
    "min": 283.6234721583314,
    "q1": 378.2978012058884,
    "median": 412.3733950952301,
    "q3": 557.2752189447638,
    "max": 613.9416953362525,
    "mean": 433.9923931350466,
    "sd": 105.94557059807575
  },
  "all_gpu_util_mean": {
    "name": "all_gpu_util_mean",
    "population": [
      53.3575350823673,
      52.55358200118413,
      51.385615251299825,
      54.53306342780027,
      52.8287795992714,
      52.044326241134755,
      54.2256913470116,
      53.01798120147119,
      51.44827586206897,
      54.263288009888754
    ],
    "size": 10,
    "total": 529.6581380234982,
    "min": 51.385615251299825,
    "q1": 52.044326241134755,
    "median": 52.92338040037129,
    "q3": 54.2256913470116,
    "max": 54.53306342780027,
    "mean": 52.965813802349814,
    "sd": 1.082634321971554
  },
  "all_gpu_util_max": {
    "name": "all_gpu_util_max",
    "population": [
      100.0,
      100.0,
      100.0,
      100.0,
      100.0,
      100.0,
      100.0,
      100.0,
      100.0,
      100.0
    ],
    "size": 10,
    "total": 1000.0,
    "min": 100.0,
    "q1": 100.0,
    "median": 100.0,
    "q3": 100.0,
    "max": 100.0,
    "mean": 100.0,
    "sd": 0.0
  },
  "all_vram_util_mean": {
    "name": "all_vram_util_mean",
    "population": [
      17.38804148871263,
      17.069271758436944,
      16.1421143847487,
      17.86459739091318,
      17.21372191863995,
      16.194148936170212,
      17.7921498661909,
      17.278708622803432,
      16.02785145888594,
      17.69839307787392
    ],
    "size": 10,
    "total": 170.6689989033758,
    "min": 16.02785145888594,
    "q1": 16.194148936170212,
    "median": 17.24621527072169,
    "q3": 17.69839307787392,