{
  "prevalence": 0.16666666666666666,
  "all_n": {
    "name": "all_n",
    "population": [
      120,
      120,
      120,
      120,
      120,
      120,
      120,
      120,
      120,
      120
    ],
    "size": 10,
    "total": 1200,
    "min": 120,
    "q1": 120,
    "median": 120.0,
    "q3": 120,
    "max": 120,
    "mean": 120.0,
    "sd": 0.0
  },
  "all_tp": {
    "name": "all_tp",
    "population": [
      17,
      17,
      17,
      17,
      17,
      17,
      17,
      17,
      17,
      17
    ],
    "size": 10,
    "total": 170,
    "min": 17,
    "q1": 17,
    "median": 17.0,
    "q3": 17,
    "max": 17,
    "mean": 17.0,
    "sd": 0.0
  },
  "all_tn": {
    "name": "all_tn",
    "population": [
      87,
      87,
      87,
      87,
      87,
      87,
      87,
      87,
      87,
      87
    ],
    "size": 10,
    "total": 870,
    "min": 87,
    "q1": 87,
    "median": 87.0,
    "q3": 87,
    "max": 87,
    "mean": 87.0,
    "sd": 0.0
  },
  "all_fp": {
    "name": "all_fp",
    "population": [
      13,
      13,
      13,
      13,
      13,
      13,
      13,
      13,
      13,
      13
    ],
    "size": 10,
    "total": 130,
    "min": 13,
    "q1": 13,
    "median": 13.0,
    "q3": 13,
    "max": 13,
    "mean": 13.0,
    "sd": 0.0
  },
  "all_fn": {
    "name": "all_fn",
    "population": [
      3,
      3,
      3,
      3,
      3,
      3,
      3,
      3,
      3,
      3
    ],
    "size": 10,
    "total": 30,
    "min": 3,
    "q1": 3,
    "median": 3.0,
    "q3": 3,
    "max": 3,
    "mean": 3.0,
    "sd": 0.0
  },
  "all_accuracy": {
    "name": "all_accuracy",
    "population": [
      0.8666666666666667,
      0.8666666666666667,
      0.8666666666666667,
      0.8666666666666667,
      0.8666666666666667,
      0.8666666666666667,
      0.8666666666666667,
      0.8666666666666667,
      0.8666666666666667,
      0.8666666666666667
    ],
    "size": 10,
    "total": 8.66666666666667,
    "min": 0.8666666666666667,
    "q1": 0.8666666666666667,
    "median": 0.8666666666666667,
    "q3": 0.8666666666666667,
    "max": 0.8666666666666667,
    "mean": 0.8666666666666669,
    "sd": 2.220446049250313e-16
  },
  "all_balanced_accuracy": {
    "name": "all_balanced_accuracy",
    "population": [
      0.7666666666666666,
      0.7666666666666666,
      0.7666666666666666,
      0.7666666666666666,
      0.7666666666666666,
      0.7666666666666666,
      0.7666666666666666,
      0.7666666666666666,
      0.7666666666666666,
      0.7666666666666666
    ],
    "size": 10,
    "total": 7.666666666666666,
    "min": 0.7666666666666666,
    "q1": 0.7666666666666666,
    "median": 0.7666666666666666,
    "q3": 0.7666666666666666,
    "max": 0.7666666666666666,
    "mean": 0.7666666666666666,
    "sd": 0.0
  },
  "all_f1": {
    "name": "all_f1",
    "population": [
      0.68,
      0.68,
      0.68,
      0.68,
      0.68,
      0.68,
      0.68,
      0.68,
      0.68,
      0.68
    ],
    "size": 10,
    "total": 6.799999999999999,
    "min": 0.68,
    "q1": 0.68,
    "median": 0.68,
    "q3": 0.68,
    "max": 0.68,
    "mean": 0.6799999999999999,
    "sd": 1.1102230246251565e-16
  },
  "all_recall": {
    "name": "all_recall",
    "population": [
      0.85,
      0.85,
      0.85,
      0.85,
      0.85,
      0.85,
      0.85,
      0.85,
      0.85,
      0.85
    ],
    "size": 10,
    "total": 8.499999999999998,
    "min": 0.85,
    "q1": 0.85,
    "median": 0.85,
    "q3": 0.85,
    "max": 0.85,
    "mean": 0.8499999999999999,
    "sd": 1.1102230246251565e-16
  },
  "all_precision": {
    "name": "all_precision",
    "population": [
      0.5666666666666667,
      0.5666666666666667,
      0.5666666666666667,
      0.5666666666666667,
      0.5666666666666667,
      0.5666666666666667,
      0.5666666666666667,
      0.5666666666666667,
      0.5666666666666667,
      0.5666666666666667
    ],
    "size": 10,
    "total": 5.666666666666665,
    "min": 0.5666666666666667,
    "q1": 0.5666666666666667,
    "median": 0.5666666666666667,
    "q3": 0.5666666666666667,
    "max": 0.5666666666666667,
    "mean": 0.5666666666666665,
    "sd": 1.1102230246251565e-16
  },
  "all_specificity": {
    "name": "all_specificity",
    "population": [
      0.9666666666666667,
      0.9666666666666667,
      0.9666666666666667,
      0.9666666666666667,
      0.9666666666666667,
      0.9666666666666667,
      0.9666666666666667,
      0.9666666666666667,
      0.9666666666666667,
      0.9666666666666667
    ],
    "size": 10,
    "total": 9.666666666666666,
    "min": 0.9666666666666667,
    "q1": 0.9666666666666667,
    "median": 0.9666666666666667,
    "q3": 0.9666666666666667,
    "max": 0.9666666666666667,
    "mean": 0.9666666666666666,
    "sd": 1.1102230246251565e-16
  },
  "frequency_table": {
    "true": {
      "4.2": {
        "HSP/HS/OAC/BV-01-I": 10,
        "HSP/AG/IAC/BV-01-I": 10,
        "HSP/HS/IAC/BV-01-I": 10,
        "HSP/AG/OAC/BV-01-I": 10
      },
      "4.2.1": {
        "HSP/AG/IAC/BV-02-I": 10,
        "HSP/HS/IAC/BV-02-I": 10
      },
      "4.2.2": {},
      "4.3": {
        "HSP/HS/OAC/BV-01-I": 10,
        "HSP/AG/OAC/BV-01-I": 10
      },
      "4.5": {
        "HSP/AG/ACR/BV-01-I": 10,
        "HSP/HS/ACR/BV-01-I": 10,
        "HSP/HS/ACR/BV-02-I": 10
      },
      "4.6.1": {
        "HSP/AG/ACT/BV-01-I": 10
      },
      "4.6.2": {
        "HSP/AG/ACT/BV-02-I": 10,
        "HSP/HS/ACT/BV-02-I": 10
      },
      "4.7": {
        "HSP/AG/RAV/BV-03-I": 10,
        "HSP/AG/RAV/BV-02-I": 10,
        "HSP/HS/RAV/BV-03-I": 10
      }
    },
    "false": {
      "4.2": {
        "HSP/AG/ACT/BV-01-I": 10,
        "HSP/AG/ACT/BV-02-I": 10,
        "HSP/HS/ACT/BV-02-I": 10
      },
      "4.2.1": {},
      "4.2.2": {
        "HSP/AG/IAC/BV-02-I": 10,
        "HSP/HS/IAC/BV-02-I": 10
      },
      "4.3": {
        "HSP/AG/ACT/BV-01-I": 10,
        "HSP/AG/IAC/BV-01-I": 10,
        "HSP/HS/IAC/BV-01-I": 10,
        "HSP/HS/ACT/BV-02-I": 10
      },
      "4.5": {
        "HSP/HS/ACT/BV-02-I": 10
      },
      "4.6.1": {
        "HSP/AG/ACT/BV-02-I": 10,
        "HSP/HS/ACT/BV-02-I": 10
      },
      "4.6.2": {
        "HSP/AG/ACT/BV-01-I": 10
      },
      "4.7": {}
    }
  },
  "all_err": {
    "name": "all_err",
    "population": [
      0,
      0,
      0,
      0,
      0,
      0,
      0,
      0,
      0,
      0
    ],
    "size": 10,
    "total": 0,
    "min": 0,
    "q1": 0,
    "median": 0.0,
    "q3": 0,
    "max": 0,
    "mean": 0.0,
    "sd": 0.0
  },
  "all_time_to_analyze": {
    "name": "all_time_to_analyze",
    "population": [
      14.48471847223118,
      13.607932802988216,
      13.601348247844726,
      13.641864959849045,
      13.556235190015286,
      13.536416529677808,
      13.766627452103421,
      13.594274229370058,
      13.556485967710614,
      13.648246898548678
    ],
    "size": 10,
    "total": 136.99415075033903,
    "min": 13.536416529677808,
    "q1": 13.556485967710614,
    "median": 13.604640525416471,
    "q3": 13.648246898548678,
    "max": 14.48471847223118,
    "mean": 13.699415075033903,
    "sd": 0.26901441753675825
  },
  "all_gpu_util_mean": {
    "name": "all_gpu_util_mean",
    "population": [
      65.56521739130434,
      65.4375,
      64.14583333333333,
      64.55102040816327,
      62.3,
      66.33333333333333,
      64.16,
      65.21739130434783,
      65.38775510204081,
      66.22916666666667
    ],
    "size": 10,
    "total": 649.3272175391896,
    "min": 62.3,
    "q1": 64.16,
    "median": 65.30257320319433,
    "q3": 65.56521739130434,
    "max": 66.33333333333333,
    "mean": 64.93272175391897,
    "sd": 1.1348408771450198
  },
  "all_gpu_util_max": {
    "name": "all_gpu_util_max",
    "population": [
      100.0,
      100.0,
      100.0,
      100.0,
      100.0,
      100.0,
      100.0,
      100.0,
      100.0,
      100.0
    ],
    "size": 10,
    "total": 1000.0,
    "min": 100.0,
    "q1": 100.0,