{
    "meta": {
        "req_path": "./data/Mozilla/07/RE.csv",
        "test_path": "./data/Mozilla/07/ST.csv",
        "mapping_path": "./data/Mozilla/07/mapping.csv"
    },
    "data": {
        "links": {
            "R-10": [],
            "R-51": [
                "T-51"
            ],
            "R-114": [],
            "R-116": [
                "T-116"
            ],
            "R-119": [
                "T-119"
            ],
            "R-121": [],
            "R-133": [],
            "R-135": [],
            "R-148": [],
            "R-152": [
                "T-152"
            ],
            "R-154": [
                "T-154"
            ],
            "R-161": [],
            "R-162": [],
            "R-178": [
                "T-178"
            ],
            "R-184": [
                "T-178",
                "T-184"
            ],
            "R-202": [
                "T-148"
            ],
            "R-208": [],
            "R-219": [],
            "R-220": [
                "T-220"
            ],
            "R-227": [],
            "R-294": [],
            "R-299": [
                "T-299"
            ],
            "R-303": [
                "T-299",
                "T-303"
            ],
            "R-315": [],
            "R-318": []
        },
        "err": {},
        "time_to_analyze": 15.931610172847286,
        "GPU": {
            "utilization": {
                "avg": 91.58730158730158,
                "std": 20.269661837046602,
                "max": 100.0
            },
            "avg_temperature": 47.333333333333336
        },
        "VRAM": {
            "max_usage_MiB": 7283.0,
            "utilization": {
                "avg": 41.53968253968254,
                "std": 10.901058541121053,
                "max": 49.0
            }
        }
    }
}