{
    "meta": {
        "req_path": "./data/AMINA/01/RE.csv",
        "test_path": "./data/AMINA/01/ST.csv",
        "mapping_path": "./data/AMINA/01/mapping.csv"
    },
    "data": {
        "links": {
            "S1": [
                "406"
            ],
            "S2": [
                "35"
            ],
            "S12": [
                "364"
            ],
            "S24": [
                "43",
                "44"
            ],
            "S56": [
                "245"
            ],
            "S59": [
                "248",
                "249",
                "250"
            ],
            "S75": [
                "451",
                "452"
            ],
            "S89": [
                "141"
            ],
            "S116": [
                "49"
            ],
            "S135": [
                "216"
            ],
            "S177": [
                "352"
            ],
            "S182": [],
            "S234": [
                "21"
            ],
            "S236": [
                "23",
                "216",
                "238"
            ],
            "B53": [
                "434"
            ],
            "B85": [
                "238",
                "245",
                "216"
            ],
            "B87": [
                "271"
            ],
            "B93": [
                "281"
            ],
            "B105": [
                "141"
            ],
            "B106": [
                "642"
            ],
            "B108": [
                "32"
            ],
            "S549": [
                "90"
            ],
            "S555": [
                "96"
            ],
            "S557": [
                "98"
            ],
            "S558": [
                "99"
            ]
        },
        "err": {},
        "time_to_analyze": 20.693163722287863,
        "GPU": {
            "utilization": {
                "avg": 93.5679012345679,
                "std": 13.133866787436343,
                "max": 100.0
            },
            "avg_temperature": 46.51851851851852
        },
        "VRAM": {
            "max_usage_MiB": 15773.0,
            "utilization": {
                "avg": 52.407407407407405,
                "std": 11.415754221445223,
                "max": 64.0
            }
        }
    }
}