{
    "meta": {
        "req_path": "./data/Mozilla/08/RE.csv",
        "test_path": "./data/Mozilla/08/ST.csv",
        "mapping_path": "./data/Mozilla/08/mapping.csv"
    },
    "data": {
        "links": {
            "R-13": [],
            "R-18": [
                "T-129"
            ],
            "R-62": [
                "T-62"
            ],
            "R-82": [],
            "R-107": [
                "T-107"
            ],
            "R-110": [],
            "R-111": [],
            "R-117": [
                "T-117"
            ],
            "R-125": [],
            "R-128": [],
            "R-129": [
                "T-129"
            ],
            "R-157": [],
            "R-163": [],
            "R-174": [
                "T-174"
            ],
            "R-184": [
                "T-174",
                "T-184"
            ],
            "R-185": [
                "T-174",
                "T-184"
            ],
            "R-195": [
                "T-195"
            ],
            "R-224": [
                "T-224"
            ],
            "R-238": [
                "T-240"
            ],
            "R-240": [
                "T-240"
            ],
            "R-251": [],
            "R-276": [],
            "R-284": [],
            "R-293": [],
            "R-314": []
        },
        "err": {},
        "time_to_analyze": 15.390012551564723,
        "GPU": {
            "utilization": {
                "avg": 95.7457627118644,
                "std": 7.731692994643102,
                "max": 100.0
            },
            "avg_temperature": 50.88135593220339
        },
        "VRAM": {
            "max_usage_MiB": 16069.0,
            "utilization": {
                "avg": 43.067796610169495,
                "std": 6.071029017986135,
                "max": 63.0
            }
        }
    }
}