{
    "meta": {
        "req_path": "./data/AMINA/08/RE.csv",
        "test_path": "./data/AMINA/08/ST.csv",
        "mapping_path": "./data/AMINA/08/mapping.csv"
    },
    "data": {
        "links": {
            "S28": [
                "485",
                "485"
            ],
            "S86": [
                "430",
                "478",
                "616",
                "618",
                "620",
                "621",
                "623",
                "624",
                "625",
                "626"
            ],
            "S89": [
                "141"
            ],
            "S94": [
                "149"
            ],
            "S147": [
                "255"
            ],
            "S163": [
                "273"
            ],
            "S172": [
                "29"
            ],
            "S174": [
                "348"
            ],
            "S186": [
                "489"
            ],
            "S192": [
                "479"
            ],
            "S236": [
                "23"
            ],
            "S259": [
                "78"
            ],
            "B15": [
                "310"
            ],
            "B24": [
                "319"
            ],
            "B33": [
                "330"
            ],
            "B48": [
                "471",
                "472"
            ],
            "B61": [
                "358"
            ],
            "B81": [
                "237"
            ],
            "B87": [
                "271"
            ],
            "B90": [
                "274"
            ],
            "B106": [
                "642"
            ],
            "B108": [
                "32"
            ],
            "S545": [
                "86"
            ],
            "S557": [
                "98"
            ],
            "S558": [
                "99"
            ]
        },
        "err": {},
        "time_to_analyze": 17.27056010416709,
        "GPU": {
            "utilization": {
                "avg": 92.30882352941177,
                "std": 17.624827597709725,
                "max": 100.0
            },
            "avg_temperature": 43.89705882352941
        },
        "VRAM": {
            "max_usage_MiB": 6713.0,
            "utilization": {
                "avg": 38.338235294117645,
                "std": 11.54305411630172,
                "max": 50.0
            }
        }
    }
}