{
  "prevalence": 0.16666666666666666,
  "all_n": {
    "name": "all_n",
    "population": [
      120,
      120,
      120,
      120,
      120,
      120,
      120,
      120,
      120,
      120
    ],
    "size": 10,
    "total": 1200,
    "min": 120,
    "q1": 120,
    "median": 120.0,
    "q3": 120,
    "max": 120,
    "mean": 120.0,
    "sd": 0.0
  },
  "all_tp": {
    "name": "all_tp",
    "population": [
      17,
      16,
      16,
      16,
      16,
      16,
      15,
      16,
      16,
      16
    ],
    "size": 10,
    "total": 160,
    "min": 15,
    "q1": 16,
    "median": 16.0,
    "q3": 16,
    "max": 17,
    "mean": 16.0,
    "sd": 0.4472135954999579
  },
  "all_tn": {
    "name": "all_tn",
    "population": [
      84,
      90,
      90,
      90,
      89,
      87,
      90,
      90,
      90,
      90
    ],
    "size": 10,
    "total": 890,
    "min": 84,
    "q1": 89,
    "median": 90.0,
    "q3": 90,
    "max": 90,
    "mean": 89.0,
    "sd": 1.8973665961010275
  },
  "all_fp": {
    "name": "all_fp",
    "population": [
      16,
      10,
      10,
      10,
      11,
      13,
      10,
      10,
      10,
      10
    ],
    "size": 10,
    "total": 110,
    "min": 10,
    "q1": 10,
    "median": 10.0,
    "q3": 11,
    "max": 16,
    "mean": 11.0,
    "sd": 1.8973665961010275
  },
  "all_fn": {
    "name": "all_fn",
    "population": [
      3,
      4,
      4,
      4,
      4,
      4,
      5,
      4,
      4,
      4
    ],
    "size": 10,
    "total": 40,
    "min": 3,
    "q1": 4,
    "median": 4.0,
    "q3": 4,
    "max": 5,
    "mean": 4.0,
    "sd": 0.4472135954999579
  },
  "all_accuracy": {
    "name": "all_accuracy",
    "population": [
      0.8416666666666667,
      0.8833333333333333,
      0.8833333333333333,
      0.8833333333333333,
      0.875,
      0.8583333333333333,
      0.875,
      0.8833333333333333,
      0.8833333333333333,
      0.8833333333333333
    ],
    "size": 10,
    "total": 8.75,
    "min": 0.8416666666666667,
    "q1": 0.875,
    "median": 0.8833333333333333,
    "q3": 0.8833333333333333,
    "max": 0.8833333333333333,
    "mean": 0.875,
    "sd": 0.013437096247164245
  },
  "all_balanced_accuracy": {
    "name": "all_balanced_accuracy",
    "population": [
      0.7403343782654128,
      0.7864157119476269,
      0.7864157119476269,
      0.7864157119476269,
      0.7747909199522103,
      0.7538840469874952,
      0.7736842105263158,
      0.7864157119476269,
      0.7864157119476269,
      0.7864157119476269
    ],
    "size": 10,
    "total": 7.761187827417196,
    "min": 0.7403343782654128,
    "q1": 0.7736842105263158,
    "median": 0.7864157119476269,
    "q3": 0.7864157119476269,
    "max": 0.7864157119476269,
    "mean": 0.7761187827417195,
    "sd": 0.015552356559932302
  },
  "all_f1": {
    "name": "all_f1",
    "population": [
      0.6415094339622641,
      0.6956521739130435,
      0.6956521739130435,
      0.6956521739130435,
      0.6808510638297872,
      0.6530612244897959,
      0.6666666666666665,
      0.6956521739130435,
      0.6956521739130435,
      0.6956521739130435
    ],
    "size": 10,
    "total": 6.8160014324267735,
    "min": 0.6415094339622641,
    "q1": 0.6666666666666665,
    "median": 0.6956521739130435,
    "q3": 0.6956521739130435,
    "max": 0.6956521739130435,
    "mean": 0.6816001432426774,
    "sd": 0.019570544429240392
  },
  "all_recall": {
    "name": "all_recall",
    "population": [
      0.85,
      0.8,
      0.8,
      0.8,
      0.8,
      0.8,
      0.75,
      0.8,
      0.8,
      0.8
    ],
    "size": 10,
    "total": 7.999999999999999,
    "min": 0.75,
    "q1": 0.8,
    "median": 0.8,
    "q3": 0.8,
    "max": 0.85,
    "mean": 0.7999999999999999,
    "sd": 0.022360679774997894
  },
  "all_precision": {
    "name": "all_precision",
    "population": [
      0.5151515151515151,
      0.6153846153846154,
      0.6153846153846154,
      0.6153846153846154,
      0.5925925925925926,
      0.5517241379310345,
      0.6,
      0.6153846153846154,
      0.6153846153846154,
      0.6153846153846154
    ],
    "size": 10,
    "total": 5.951775937982834,
    "min": 0.5151515151515151,
    "q1": 0.5925925925925926,
    "median": 0.6153846153846154,
    "q3": 0.6153846153846154,
    "max": 0.6153846153846154,
    "mean": 0.5951775937982834,
    "sd": 0.032821115537922226
  },
  "all_specificity": {
    "name": "all_specificity",
    "population": [
      0.9655172413793104,
      0.9574468085106383,
      0.9574468085106383,
      0.9574468085106383,
      0.956989247311828,
      0.9560439560439561,
      0.9473684210526315,
      0.9574468085106383,
      0.9574468085106383,
      0.9574468085106383
    ],
    "size": 10,
    "total": 9.570599716851557,
    "min": 0.9473684210526315,
    "q1": 0.956989247311828,
    "median": 0.9574468085106383,
    "q3": 0.9574468085106383,
    "max": 0.9655172413793104,
    "mean": 0.9570599716851558,
    "sd": 0.004091292099568165
  },
  "frequency_table": {
    "true": {
      "4.2": {
        "HSP/HS/OAC/BV-01-I": 10,
        "HSP/AG/IAC/BV-01-I": 10,
        "HSP/HS/IAC/BV-01-I": 10,
        "HSP/AG/OAC/BV-01-I": 10
      },
      "4.2.1": {
        "HSP/AG/IAC/BV-02-I": 10,
        "HSP/HS/IAC/BV-02-I": 10
      },
      "4.2.2": {},
      "4.3": {
        "HSP/HS/OAC/BV-01-I": 10,
        "HSP/AG/OAC/BV-01-I": 10
      },
      "4.5": {
        "HSP/AG/ACR/BV-01-I": 10,
        "HSP/HS/ACR/BV-01-I": 10,
        "HSP/HS/ACR/BV-02-I": 9
      },
      "4.6.1": {
        "HSP/AG/ACT/BV-01-I": 10
      },
      "4.6.2": {
        "HSP/AG/ACT/BV-02-I": 1,
        "HSP/HS/ACT/BV-02-I": 10
      },
      "4.7": {
        "HSP/AG/RAV/BV-03-I": 10,
        "HSP/AG/RAV/BV-02-I": 10,
        "HSP/HS/RAV/BV-03-I": 10
      }
    },
    "false": {
      "4.2": {
        "HSP/AG/ACT/BV-01-I": 10,
        "HSP/AG/ACT/BV-02-I": 10
      },
      "4.2.1": {},
      "4.2.2": {
        "HSP/HS/ACT/BV-02-I": 1,
        "HSP/AG/IAC/BV-02-I": 10,
        "HSP/AG/ACT/BV-01-I": 1,
        "HSP/AG/ACT/BV-02-I": 1,
        "HSP/HS/IAC/BV-02-I": 10
      },
      "4.3": {
        "HSP/AG/ACT/BV-01-I": 10,
        "HSP/AG/IAC/BV-01-I": 10,
        "HSP/HS/IAC/BV-01-I": 10,
        "HSP/HS/ACT/BV-02-I": 10
      },
      "4.5": {},
      "4.6.1": {
        "HSP/AG/RAV/BV-03-I": 3,
        "HSP/AG/RAV/BV-02-I": 2,
        "HSP/HS/ACT/BV-02-I": 10,
        "HSP/HS/RAV/BV-03-I": 2
      },
      "4.6.2": {
        "HSP/AG/ACT/BV-01-I": 10
      },
      "4.7": {}
    }
  },
  "all_err": {
    "name": "all_err",
    "population": [
      0,
      0,
      0,
      0,
      0,
      0,
      0,
      0,
      0,
      0
    ],
    "size": 10,
    "total": 0,
    "min": 0,
    "q1": 0,
    "median": 0.0,
    "q3": 0,
    "max": 0,
    "mean": 0.0,
    "sd": 0.0
  },
  "all_time_to_analyze": {
    "name": "all_time_to_analyze",
    "population": [
      9.346899933880195,
      9.267877316335216,
      9.272039166651666,
      9.17812132416293,
      8.307126979809254,
      8.659539193147793,
      9.214148385217413,
      9.212894642958418,
      9.293347872793674,
      9.23793456191197
    ],
    "size": 10,
    "total": 90.98992937686853,
    "min": 8.307126979809254,
    "q1": 9.17812132416293,
    "median": 9.226041473564692,
    "q3": 9.272039166651666,
    "max": 9.346899933880195,
    "mean": 9.098992937686853,
    "sd": 0.3208847754499318
  },
  "all_gpu_util_mean": {
    "name": "all_gpu_util_mean",
    "population": [
      91.11764705882354,
      87.38888888888889,
      88.0,
      92.33333333333333,
      82.17647058823529,
      85.05714285714286,
      84.55263157894737,
      86.78378378378379,
      89.94117647058823,
      91.52941176470588
    ],
    "size": 10,
    "total": 878.8804863244491,
    "min": 82.17647058823529,
    "q1": 85.05714285714286,
    "median": 87.69444444444444,
    "q3": 91.11764705882354,
    "max": 92.33333333333333,
    "mean": 87.8880486324449,