{
  "prevalence": 0.04,
  "all_n": {
    "name": "all_n",
    "population": [
      625,
      525,
      500,
      500,
      575,
      575,
      550,
      525,
      450,
      475
    ],
    "size": 10,
    "total": 5300,
    "min": 450,
    "q1": 500,
    "median": 525.0,
    "q3": 575,
    "max": 625,
    "mean": 530.0,
    "sd": 49.749371855331
  },
  "all_tp": {
    "name": "all_tp",
    "population": [
      15,
      12,
      13,
      13,
      9,
      13,
      10,
      8,
      14,
      7
    ],
    "size": 10,
    "total": 114,
    "min": 7,
    "q1": 9,
    "median": 12.5,
    "q3": 13,
    "max": 15,
    "mean": 11.4,
    "sd": 2.5768197453450252
  },
  "all_tn": {
    "name": "all_tn",
    "population": [
      599,
      503,
      480,
      476,
      551,
      551,
      525,
      499,
      431,
      456
    ],
    "size": 10,
    "total": 5071,
    "min": 431,
    "q1": 476,
    "median": 501.0,
    "q3": 551,
    "max": 599,
    "mean": 507.1,
    "sd": 47.75657022860833
  },
  "all_fp": {
    "name": "all_fp",
    "population": [
      1,
      1,
      0,
      4,
      1,
      1,
      3,
      5,
      1,
      0
    ],
    "size": 10,
    "total": 17,
    "min": 0,
    "q1": 1,
    "median": 1.0,
    "q3": 3,
    "max": 5,
    "mean": 1.7,
    "sd": 1.6155494421403511
  },
  "all_fn": {
    "name": "all_fn",
    "population": [
      10,
      9,
      7,
      7,
      14,
      10,
      12,
      13,
      4,
      12
    ],
    "size": 10,
    "total": 98,
    "min": 4,
    "q1": 7,
    "median": 10.0,
    "q3": 12,
    "max": 14,
    "mean": 9.8,
    "sd": 2.9597297173897483
  },
  "all_accuracy": {
    "name": "all_accuracy",
    "population": [
      0.9824,
      0.9809523809523809,
      0.986,
      0.978,
      0.9739130434782609,
      0.9808695652173913,
      0.9727272727272728,
      0.9657142857142857,
      0.9888888888888889,
      0.9747368421052631
    ],
    "size": 10,
    "total": 9.784202279083743,
    "min": 0.9657142857142857,
    "q1": 0.9739130434782609,
    "median": 0.9794347826086957,
    "q3": 0.9824,
    "max": 0.9888888888888889,
    "mean": 0.9784202279083744,
    "sd": 0.006505419168423968
  },
  "all_balanced_accuracy": {
    "name": "all_balanced_accuracy",
    "population": [
      0.9605398193760263,
      0.9527493990384616,
      0.9928131416837782,
      0.8751065643648763,
      0.9376106194690266,
      0.9553730583142348,
      0.8734422002578428,
      0.7949969951923077,
      0.9620689655172414,
      0.9871794871794872
    ],
    "size": 10,
    "total": 9.291880250393282,
    "min": 0.7949969951923077,
    "q1": 0.8751065643648763,
    "median": 0.9540612286763481,
    "q3": 0.9620689655172414,
    "max": 0.9928131416837782,
    "mean": 0.9291880250393282,
    "sd": 0.05901408702499137
  },
  "all_f1": {
    "name": "all_f1",
    "population": [
      0.7317073170731707,
      0.7058823529411765,
      0.787878787878788,
      0.7027027027027027,
      0.5454545454545454,
      0.7027027027027025,
      0.5714285714285714,
      0.47058823529411764,
      0.8484848484848485,
      0.5384615384615384
    ],
    "size": 10,
    "total": 6.605291602422161,
    "min": 0.47058823529411764,
    "q1": 0.5454545454545454,
    "median": 0.7027027027027026,
    "q3": 0.7317073170731707,
    "max": 0.8484848484848485,
    "mean": 0.6605291602422161,
    "sd": 0.11592448706805124
  },
  "all_recall": {
    "name": "all_recall",
    "population": [
      0.6,
      0.5714285714285714,
      0.65,
      0.65,
      0.391304347826087,
      0.5652173913043478,
      0.45454545454545453,
      0.38095238095238093,
      0.7777777777777778,
      0.3684210526315789
    ],
    "size": 10,
    "total": 5.409646976466198,
    "min": 0.3684210526315789,
    "q1": 0.391304347826087,
    "median": 0.5683229813664596,
    "q3": 0.65,
    "max": 0.7777777777777778,
    "mean": 0.5409646976466198,
    "sd": 0.13042277168298566
  },
  "all_precision": {
    "name": "all_precision",
    "population": [
      0.9375,
      0.9230769230769231,
      1.0,
      0.7647058823529411,
      0.9,
      0.9285714285714286,
      0.7692307692307693,
      0.6153846153846154,
      0.9333333333333333,
      1.0
    ],
    "size": 10,
    "total": 8.771802951950011,
    "min": 0.6153846153846154,
    "q1": 0.7692307692307693,
    "median": 0.9258241758241759,
    "q3": 0.9375,
    "max": 1.0,
    "mean": 0.8771802951950012,
    "sd": 0.11621955510678249
  },
  "all_specificity": {
    "name": "all_specificity",
    "population": [
      0.9835796387520526,
      0.982421875,
      0.9856262833675564,
      0.9855072463768116,
      0.9752212389380531,
      0.982174688057041,
      0.9776536312849162,
      0.974609375,
      0.9908045977011494,
      0.9743589743589743
    ],
    "size": 10,
    "total": 9.811957548836554,
    "min": 0.9743589743589743,
    "q1": 0.9752212389380531,
    "median": 0.9822982815285205,
    "q3": 0.9855072463768116,
    "max": 0.9908045977011494,
    "mean": 0.9811957548836554,
    "sd": 0.005263615042123292
  },
  "frequency_table": {
    "true": {
      "R-16": {
        "T-16": 2
      },
      "R-19": {
        "T-19": 1
      },
      "R-27": {
        "T-27": 1
      },
      "R-35": {
        "T-35": 2
      },
      "R-36": {
        "T-36": 3
      },
      "R-60": {
        "T-60": 1
      },
      "R-62": {
        "T-62": 2
      },
      "R-71": {
        "T-71": 1
      },
      "R-102": {
        "T-102": 1
      },
      "R-123": {
        "T-123": 3
      },
      "R-136": {},
      "R-148": {},
      "R-166": {},
      "R-185": {
        "T-185": 2
      },
      "R-197": {
        "T-197": 3
      },
      "R-203": {
        "T-203": 1
      },
      "R-224": {
        "T-224": 2
      },
      "R-225": {},
      "R-229": {
        "T-229": 1
      },
      "R-235": {
        "T-235": 1
      },
      "R-245": {},
      "R-247": {
        "T-247": 3
      },
      "R-297": {
        "T-297": 1
      },
      "R-298": {},
      "R-308": {},
      "R-11": {},
      "R-14": {},
      "R-20": {
        "T-20": 1
      },
      "R-53": {
        "T-53": 1
      },
      "R-81": {},
      "R-83": {},
      "R-118": {
        "T-118": 2
      },
      "R-121": {},
      "R-122": {
        "T-122": 1
      },
      "R-124": {},
      "R-125": {},
      "R-156": {
        "T-156": 2
      },
      "R-158": {
        "T-158": 1
      },
      "R-160": {},
      "R-190": {},
      "R-211": {
        "T-211": 1
      },
      "R-220": {
        "T-220": 1
      },
      "R-243": {},
      "R-267": {
        "T-267": 1
      },
      "R-286": {},
      "R-300": {
        "T-300": 1
      },
      "R-323": {
        "T-323": 1
      },
      "R-17": {},
      "R-18": {
        "T-18": 2
      },
      "R-40": {
        "T-40": 1
      },
      "R-47": {
        "T-47": 1
      },
      "R-48": {
        "T-48": 2
      },
      "R-66": {},
      "R-77": {},
      "R-94": {},
      "R-99": {},
      "R-110": {},
      "R-151": {
        "T-151": 2
      },
      "R-155": {},
      "R-199": {
        "T-199": 2
      },
      "R-204": {
        "T-204": 2
      },
      "R-215": {},
      "R-289": {},
      "R-303": {
        "T-303": 2
      },
      "R-311": {},
      "R-322": {},
      "R-10": {},
      "R-37": {
        "T-37": 1
      },
      "R-41": {},
      "R-52": {},
      "R-69": {
        "T-69": 1
      },
      "R-93": {},
      "R-115": {
        "T-115": 1
      },
      "R-130": {
        "T-130": 2
      },
      "R-165": {},
      "R-171": {},
      "R-174": {
        "T-174": 2
      },
      "R-180": {
        "T-180": 1
      },
      "R-184": {
        "T-184": 3
      },
      "R-214": {
        "T-214": 1
      },
      "R-253": {
        "T-253": 1
      },
      "R-293": {},
      "R-304": {
        "T-304": 1
      },
      "R-324": {},
      "R-30": {
        "T-30": 1
      },
      "R-33": {
        "T-33": 2
      },