{
  "prevalence": 0.1111111111111111,
  "all_n": {
    "name": "all_n",
    "population": [
      81,
      81,
      81,
      81,
      81,
      81,
      81,
      81,
      81,
      81
    ],
    "size": 10,
    "total": 810,
    "min": 81,
    "q1": 81,
    "median": 81.0,
    "q3": 81,
    "max": 81,
    "mean": 81.0,
    "sd": 0.0
  },
  "all_tp": {
    "name": "all_tp",
    "population": [
      4,
      3,
      4,
      3,
      3,
      4,
      4,
      3,
      4,
      3
    ],
    "size": 10,
    "total": 35,
    "min": 3,
    "q1": 3,
    "median": 3.5,
    "q3": 4,
    "max": 4,
    "mean": 3.5,
    "sd": 0.5
  },
  "all_tn": {
    "name": "all_tn",
    "population": [
      63,
      63,
      62,
      64,
      65,
      63,
      62,
      63,
      62,
      64
    ],
    "size": 10,
    "total": 631,
    "min": 62,
    "q1": 62,
    "median": 63.0,
    "q3": 64,
    "max": 65,
    "mean": 63.1,
    "sd": 0.9433981132056604
  },
  "all_fp": {
    "name": "all_fp",
    "population": [
      9,
      9,
      10,
      8,
      7,
      9,
      10,
      9,
      10,
      8
    ],
    "size": 10,
    "total": 89,
    "min": 7,
    "q1": 8,
    "median": 9.0,
    "q3": 10,
    "max": 10,
    "mean": 8.9,
    "sd": 0.9433981132056604
  },
  "all_fn": {
    "name": "all_fn",
    "population": [
      5,
      6,
      5,
      6,
      6,
      5,
      5,
      6,
      5,
      6
    ],
    "size": 10,
    "total": 55,
    "min": 5,
    "q1": 5,
    "median": 5.5,
    "q3": 6,
    "max": 6,
    "mean": 5.5,
    "sd": 0.5
  },
  "all_accuracy": {
    "name": "all_accuracy",
    "population": [
      0.8271604938271605,
      0.8148148148148148,
      0.8148148148148148,
      0.8271604938271605,
      0.8395061728395061,
      0.8271604938271605,
      0.8148148148148148,
      0.8148148148148148,
      0.8148148148148148,
      0.8271604938271605
    ],
    "size": 10,
    "total": 8.222222222222221,
    "min": 0.8148148148148148,
    "q1": 0.8148148148148148,
    "median": 0.8209876543209876,
    "q3": 0.8271604938271605,
    "max": 0.8395061728395061,
    "mean": 0.8222222222222222,
    "sd": 0.008189197013223222
  },
  "all_balanced_accuracy": {
    "name": "all_balanced_accuracy",
    "population": [
      0.6170814479638009,
      0.5815217391304348,
      0.6055437100213219,
      0.5935064935064935,
      0.6077464788732394,
      0.6170814479638009,
      0.6055437100213219,
      0.5815217391304348,
      0.6055437100213219,
      0.5935064935064935
    ],
    "size": 10,
    "total": 6.0085969701386635,
    "min": 0.5815217391304348,
    "q1": 0.5935064935064935,
    "median": 0.6055437100213219,
    "q3": 0.6077464788732394,
    "max": 0.6170814479638009,
    "mean": 0.6008596970138663,
    "sd": 0.012229433918004786
  },
  "all_f1": {
    "name": "all_f1",
    "population": [
      0.3636363636363637,
      0.28571428571428575,
      0.34782608695652173,
      0.3,
      0.3157894736842105,
      0.3636363636363637,
      0.34782608695652173,
      0.28571428571428575,
      0.34782608695652173,
      0.3
    ],
    "size": 10,
    "total": 3.2579690332550744,
    "min": 0.28571428571428575,
    "q1": 0.3,
    "median": 0.3318077803203661,
    "q3": 0.34782608695652173,
    "max": 0.3636363636363637,
    "mean": 0.3257969033255074,
    "sd": 0.029939682475123342
  },
  "all_recall": {
    "name": "all_recall",
    "population": [
      0.4444444444444444,
      0.3333333333333333,
      0.4444444444444444,
      0.3333333333333333,
      0.3333333333333333,
      0.4444444444444444,
      0.4444444444444444,
      0.3333333333333333,
      0.4444444444444444,
      0.3333333333333333
    ],
    "size": 10,
    "total": 3.888888888888889,
    "min": 0.3333333333333333,
    "q1": 0.3333333333333333,
    "median": 0.38888888888888884,
    "q3": 0.4444444444444444,
    "max": 0.4444444444444444,
    "mean": 0.3888888888888889,
    "sd": 0.05555555555555555
  },
  "all_precision": {
    "name": "all_precision",
    "population": [
      0.3076923076923077,
      0.25,
      0.2857142857142857,
      0.2727272727272727,
      0.3,
      0.3076923076923077,
      0.2857142857142857,
      0.25,
      0.2857142857142857,
      0.2727272727272727
    ],
    "size": 10,
    "total": 2.8179820179820174,
    "min": 0.25,
    "q1": 0.2727272727272727,
    "median": 0.2857142857142857,
    "q3": 0.3,
    "max": 0.3076923076923077,
    "mean": 0.28179820179820175,
    "sd": 0.01976141903108362
  },
  "all_specificity": {
    "name": "all_specificity",
    "population": [
      0.9264705882352942,
      0.9130434782608695,
      0.9253731343283582,
      0.9142857142857143,
      0.9154929577464789,
      0.9264705882352942,
      0.9253731343283582,
      0.9130434782608695,
      0.9253731343283582,
      0.9142857142857143
    ],
    "size": 10,
    "total": 9.19921192229531,
    "min": 0.9130434782608695,
    "q1": 0.9142857142857143,
    "median": 0.9204330460374186,
    "q3": 0.9253731343283582,
    "max": 0.9264705882352942,
    "mean": 0.9199211922295311,
    "sd": 0.005938792611670581
  },
  "frequency_table": {
    "true": {
      "FR01": {},
      "FR02": {
        "T-2": 10
      },
      "FR10": {
        "T-3": 10
      },
      "FR11": {
        "T-4": 10
      },
      "FR12": {},
      "FR13": {},
      "FR14": {
        "T-7": 5
      },
      "FR15": {},
      "FR16": {}
    },
    "false": {
      "FR01": {},
      "FR02": {},
      "FR10": {},
      "FR11": {
        "T-6": 8,
        "T-5": 8,
        "T-7": 8,
        "T-1": 2,
        "T-8": 2
      },
      "FR12": {
        "T-2": 10
      },
      "FR13": {
        "T-2": 10
      },
      "FR14": {
        "T-3": 10,
        "T-6": 5,
        "T-4": 10
      },
      "FR15": {
        "T-2": 6
      },
      "FR16": {
        "T-3": 10
      }
    }
  },
  "all_err": {
    "name": "all_err",
    "population": [
      1,
      1,
      1,
      1,
      1,
      1,
      1,
      1,
      1,
      1
    ],
    "size": 10,
    "total": 10,
    "min": 1,
    "q1": 1,
    "median": 1.0,
    "q3": 1,
    "max": 1,
    "mean": 1.0,
    "sd": 0.0
  },
  "all_time_to_analyze": {
    "name": "all_time_to_analyze",
    "population": [
      7.877507111988962,
      10.969480651197955,
      9.303094119764864,
      9.27300085988827,
      8.336811193730682,
      8.385642415843904,
      11.292294455692172,
      10.112218900816515,
      10.25116338999942,
      7.847452931571752
    ],
    "size": 10,
    "total": 93.6486660304945,
    "min": 7.847452931571752,
    "q1": 8.336811193730682,
    "median": 9.288047489826567,
    "q3": 10.25116338999942,
    "max": 11.292294455692172,
    "mean": 9.36486660304945,
    "sd": 1.1906568530069779
  },
  "all_gpu_util_mean": {
    "name": "all_gpu_util_mean",
    "population": [
      79.52777777777777,
      76.57692307692308,
      82.1951219512195,
      80.0952380952381,
      76.73684210526316,
      78.73684210526316,
      82.4375,
      79.26666666666667,
      81.6590909090909,
      78.11428571428571
    ],
    "size": 10,
    "total": 795.3462884017281,
    "min": 76.57692307692308,
    "q1": 78.11428571428571,
    "median": 79.39722222222221,
    "q3": 81.6590909090909,
    "max": 82.4375,
    "mean": 79.53462884017281,
    "sd": 1.9908246862231653
  },
  "all_gpu_util_max": {
    "name": "all_gpu_util_max",
    "population": [
      99.0,
      99.0,
      100.0,
      96.0,
      100.0,
      100.0,
      100.0,
      100.0,
      100.0,
      99.0
    ],
    "size": 10,
    "total": 993.0,
    "min": 96.0,
    "q1": 99.0,
    "median": 100.0,
    "q3": 100.0,
    "max": 100.0,
    "mean": 99.3,
    "sd": 1.1874342087037917
  },
  "all_vram_util_mean": {
    "name": "all_vram_util_mean",