{
  "prevalence": 0.04035398230088495,
  "all_n": {
    "name": "all_n",
    "population": [
      1000,
      775,
      950,
      775,
      775,
      750,
      925,
      975,
      750,
      800
    ],
    "size": 10,
    "total": 8475,
    "min": 750,
    "q1": 775,
    "median": 787.5,
    "q3": 950,
    "max": 1000,
    "mean": 847.5,
    "sd": 96.46890690787369
  },
  "all_tp": {
    "name": "all_tp",
    "population": [
      29,
      27,
      23,
      29,
      25,
      29,
      27,
      26,
      29,
      28
    ],
    "size": 10,
    "total": 272,
    "min": 23,
    "q1": 26,
    "median": 27.5,
    "q3": 29,
    "max": 29,
    "mean": 27.2,
    "sd": 1.9390719429665315
  },
  "all_tn": {
    "name": "all_tn",
    "population": [
      951,
      726,
      909,
      740,
      731,
      692,
      887,
      927,
      701,
      763
    ],
    "size": 10,
    "total": 8027,
    "min": 692,
    "q1": 726,
    "median": 751.5,
    "q3": 909,
    "max": 951,
    "mean": 802.7,
    "sd": 97.45670833759984
  },
  "all_fp": {
    "name": "all_fp",
    "population": [
      8,
      18,
      2,
      4,
      13,
      28,
      1,
      9,
      18,
      5
    ],
    "size": 10,
    "total": 106,
    "min": 1,
    "q1": 4,
    "median": 8.5,
    "q3": 18,
    "max": 28,
    "mean": 10.6,
    "sd": 8.175573374387877
  },
  "all_fn": {
    "name": "all_fn",
    "population": [
      12,
      4,
      16,
      2,
      6,
      1,
      10,
      13,
      2,
      4
    ],
    "size": 10,
    "total": 70,
    "min": 1,
    "q1": 2,
    "median": 5.0,
    "q3": 12,
    "max": 16,
    "mean": 7.0,
    "sd": 5.059644256269407
  },
  "all_accuracy": {
    "name": "all_accuracy",
    "population": [
      0.98,
      0.9716129032258064,
      0.9810526315789474,
      0.9922580645161291,
      0.9754838709677419,
      0.9613333333333334,
      0.9881081081081081,
      0.9774358974358974,
      0.9733333333333334,
      0.98875
    ],
    "size": 10,
    "total": 9.789368142499296,
    "min": 0.9613333333333334,
    "q1": 0.9733333333333334,
    "median": 0.9787179487179487,
    "q3": 0.9881081081081081,
    "max": 0.9922580645161291,
    "mean": 0.9789368142499295,
    "sd": 0.008789600566622131
  },
  "all_balanced_accuracy": {
    "name": "all_balanced_accuracy",
    "population": [
      0.8856613622968763,
      0.7972602739726027,
      0.9513513513513514,
      0.9380462304990607,
      0.8248768121116904,
      0.7536644641907799,
      0.9765687211339386,
      0.8645136778115501,
      0.8070881631911867,
      0.9216348623128284
    ],
    "size": 10,
    "total": 8.720665918871866,
    "min": 0.7536644641907799,
    "q1": 0.8070881631911867,
    "median": 0.8750875200542132,
    "q3": 0.9380462304990607,
    "max": 0.9765687211339386,
    "mean": 0.8720665918871866,
    "sd": 0.07093876168379278
  },
  "all_f1": {
    "name": "all_f1",
    "population": [
      0.7435897435897435,
      0.7105263157894737,
      0.71875,
      0.90625,
      0.7246376811594202,
      0.6666666666666667,
      0.8307692307692307,
      0.7027027027027027,
      0.7435897435897436,
      0.8615384615384615
    ],
    "size": 10,
    "total": 7.609020545805442,
    "min": 0.6666666666666667,
    "q1": 0.7105263157894737,
    "median": 0.7341137123745818,
    "q3": 0.8307692307692307,
    "max": 0.90625,
    "mean": 0.7609020545805442,
    "sd": 0.07391322927144764
  },
  "all_recall": {
    "name": "all_recall",
    "population": [
      0.7073170731707317,
      0.8709677419354839,
      0.5897435897435898,
      0.9354838709677419,
      0.8064516129032258,
      0.9666666666666667,
      0.7297297297297297,
      0.6666666666666666,
      0.9354838709677419,
      0.875
    ],
    "size": 10,
    "total": 8.083510822751578,
    "min": 0.5897435897435898,
    "q1": 0.7073170731707317,
    "median": 0.8387096774193548,
    "q3": 0.9354838709677419,
    "max": 0.9666666666666667,
    "mean": 0.8083510822751577,
    "sd": 0.12247805760893712
  },
  "all_precision": {
    "name": "all_precision",
    "population": [
      0.7837837837837838,
      0.6,
      0.92,
      0.8787878787878788,
      0.6578947368421053,
      0.5087719298245614,
      0.9642857142857143,
      0.7428571428571429,
      0.6170212765957447,
      0.8484848484848485
    ],
    "size": 10,
    "total": 7.52188731146178,
    "min": 0.5087719298245614,
    "q1": 0.6170212765957447,
    "median": 0.7633204633204633,
    "q3": 0.8787878787878788,
    "max": 0.9642857142857143,
    "mean": 0.752188731146178,
    "sd": 0.14460501778482335
  },
  "all_specificity": {
    "name": "all_specificity",
    "population": [
      0.9875389408099688,
      0.9945205479452055,
      0.9827027027027027,
      0.9973045822102425,
      0.9918588873812755,
      0.9985569985569985,
      0.9888517279821628,
      0.9861702127659574,
      0.9971550497866287,
      0.9947848761408083
    ],
    "size": 10,
    "total": 9.919444526281952,
    "min": 0.9827027027027027,
    "q1": 0.9875389408099688,
    "median": 0.9931897176632405,
    "q3": 0.9971550497866287,
    "max": 0.9985569985569985,
    "mean": 0.9919444526281952,
    "sd": 0.005119022734447095
  },
  "frequency_table": {
    "true": {
      "S1": {
        "406": 4
      },
      "S2": {
        "35": 3
      },
      "S12": {
        "364": 4
      },
      "S24": {
        "44": 3,
        "43": 3
      },
      "S56": {
        "245": 2
      },
      "S59": {
        "248": 2,
        "249": 2,
        "250": 2
      },
      "S75": {
        "451": 4,
        "452": 4
      },
      "S89": {
        "141": 4
      },
      "S116": {
        "49": 4
      },
      "S135": {
        "216": 4
      },
      "S177": {
        "352": 2
      },
      "S182": {
        "480": 2,
        "486": 2
      },
      "S234": {
        "21": 3
      },
      "S236": {
        "23": 6
      },
      "B53": {
        "434": 2
      },
      "B85": {
        "238": 5
      },
      "B87": {
        "271": 4
      },
      "B93": {
        "281": 2
      },
      "B105": {
        "10": 1
      },
      "B106": {
        "642": 5
      },
      "B108": {
        "32": 6
      },
      "S549": {
        "90": 4
      },
      "S555": {
        "96": 1
      },
      "S557": {
        "98": 2
      },
      "S558": {
        "99": 6
      },
      "S27": {
        "415": 1,
        "414": 1
      },
      "S28": {
        "485": 3
      },
      "S30": {
        "484": 2,
        "483": 2
      },
      "S38": {},
      "S111": {
        "188": 2
      },
      "S117": {
        "50": 3
      },
      "S137": {
        "220": 2
      },
      "S143": {
        "596": 3
      },
      "S148": {
        "256": 2
      },
      "S152": {
        "260": 4
      },
      "S163": {
        "273": 3
      },
      "S174": {
        "348": 3
      },
      "B24": {
        "319": 3
      },
      "B34": {
        "331": 4
      },
      "B45": {
        "466": 1,
        "465": 1
      },
      "B61": {
        "358": 3
      },
      "B90": {
        "274": 4
      },
      "S537": {
        "491": 3
      },
      "S11": {
        "362": 1
      },
      "S60": {
        "251": 3
      },
      "S72": {
        "445": 2,
        "446": 2
      },
      "S86": {
        "430": 1,
        "478": 1
      },
      "S166": {
        "277": 2
      },
      "S172": {
        "29": 6
      },
      "S231": {
        "20": 3
      },
      "S241": {
        "646": 1
      },
      "B48": {
        "472": 3,
        "471": 3
      },
      "B71": {
        "218": 4
      },
      "B113": {
        "26": 2
      },
      "S543": {
        "84": 3
      },
      "S545": {
        "86": 3
      },
      "S548": {
        "89": 2
      },
      "S77": {
        "455": 2,
        "456": 2
      },
      "S139": {
        "222": 3
      },
      "S147": {
        "255": 3
      },
      "S155": {
        "263": 2
      },