{
    "meta": {
        "req_path": "./data/Mozilla/10/RE.csv",
        "test_path": "./data/Mozilla/10/ST.csv",
        "mapping_path": "./data/Mozilla/10/mapping.csv"
    },
    "data": {
        "links": {
            "R-27": [
                "T-27"
            ],
            "R-33": [
                "T-33"
            ],
            "R-49": [
                "T-49"
            ],
            "R-61": [],
            "R-65": [
                "T-65"
            ],
            "R-82": [],
            "R-121": [],
            "R-126": [],
            "R-129": [],
            "R-146": [],
            "R-153": [],
            "R-175": [
                "T-175"
            ],
            "R-190": [],
            "R-192": [
                "T-192"
            ],
            "R-239": [
                "T-239"
            ],
            "R-243": [],
            "R-244": [],
            "R-256": [
                "T-256"
            ],
            "R-266": [],
            "R-294": [],
            "R-296": [],
            "R-312": [],
            "R-315": [],
            "R-316": [],
            "R-319": []
        },
        "err": {},
        "time_to_analyze": 11.142949776723981,
        "GPU": {
            "utilization": {
                "avg": 91.72093023255815,
                "std": 19.19737777405494,
                "max": 100.0
            },
            "avg_temperature": 49.83720930232558
        },
        "VRAM": {
            "max_usage_MiB": 15883.0,
            "utilization": {
                "avg": 42.53488372093023,
                "std": 9.602452160055641,
                "max": 53.0
            }
        }
    }
}