{
    "meta": {
        "req_path": "./data/Mozilla/03/RE.csv",
        "test_path": "./data/Mozilla/03/ST.csv",
        "mapping_path": "./data/Mozilla/03/mapping.csv"
    },
    "data": {
        "links": {
            "R-17": [],
            "R-18": [
                "T-18"
            ],
            "R-36": [
                "T-36"
            ],
            "R-40": [
                "T-40"
            ],
            "R-47": [
                "T-47"
            ],
            "R-48": [
                "T-48"
            ],
            "R-66": [],
            "R-77": [],
            "R-94": [],
            "R-99": [],
            "R-110": [],
            "R-118": [
                "T-118"
            ],
            "R-123": [
                "T-123"
            ],
            "R-151": [
                "T-151"
            ],
            "R-155": [],
            "R-185": [
                "T-185"
            ],
            "R-199": [
                "T-199"
            ],
            "R-204": [
                "T-204"
            ],
            "R-215": [],
            "R-224": [
                "T-224"
            ],
            "R-247": [
                "T-247"
            ],
            "R-289": [],
            "R-303": [
                "T-303"
            ],
            "R-311": [],
            "R-322": []
        },
        "err": {},
        "time_to_analyze": 13.25765800382942,
        "GPU": {
            "utilization": {
                "avg": 91.07692307692308,
                "std": 21.65491037358697,
                "max": 100.0
            },
            "avg_temperature": 49.67307692307692
        },
        "VRAM": {
            "max_usage_MiB": 16183.0,
            "utilization": {
                "avg": 41.86538461538461,
                "std": 10.984889525543082,
                "max": 58.0
            }
        }
    }
}