{
    "meta": {
        "req_path": "./data/Mozilla/08/RE.csv",
        "test_path": "./data/Mozilla/08/ST.csv",
        "mapping_path": "./data/Mozilla/08/mapping.csv"
    },
    "data": {
        "links": {
            "R-13": [],
            "R-18": [
                "T-18"
            ],
            "R-62": [
                "T-62"
            ],
            "R-82": [],
            "R-107": [],
            "R-110": [],
            "R-111": [],
            "R-117": [
                "T-117"
            ],
            "R-125": [],
            "R-128": [],
            "R-129": [
                "T-18"
            ],
            "R-157": [],
            "R-163": [],
            "R-174": [
                "T-174"
            ],
            "R-184": [
                "T-174",
                "T-184"
            ],
            "R-185": [
                "T-174",
                "T-184"
            ],
            "R-195": [
                "T-195"
            ],
            "R-224": [
                "T-224"
            ],
            "R-238": [
                "T-240"
            ],
            "R-240": [
                "T-240"
            ],
            "R-251": [],
            "R-276": [],
            "R-284": [],
            "R-293": [],
            "R-314": []
        },
        "err": {},
        "time_to_analyze": 18.883144774008542,
        "GPU": {
            "utilization": {
                "avg": 81.66197183098592,
                "std": 23.110259726531993,
                "max": 100.0
            },
            "avg_temperature": 46.28169014084507
        },
        "VRAM": {
            "max_usage_MiB": 6025.0,
            "utilization": {
                "avg": 46.605633802816904,
                "std": 20.79112370579566,
                "max": 67.0
            }
        }
    }
}