{
    "meta": {
        "req_path": "./data/Mozilla/01/RE.csv",
        "test_path": "./data/Mozilla/01/ST.csv",
        "mapping_path": "./data/Mozilla/01/mapping.csv"
    },
    "data": {
        "links": {
            "R-16": [],
            "R-19": [
                "T-19"
            ],
            "R-27": [
                "T-27"
            ],
            "R-35": [
                "T-35"
            ],
            "R-36": [
                "T-36"
            ],
            "R-60": [
                "T-60"
            ],
            "R-62": [
                "T-62"
            ],
            "R-71": [
                "T-71"
            ],
            "R-102": [
                "T-102"
            ],
            "R-123": [
                "T-123"
            ],
            "R-136": [],
            "R-148": [],
            "R-166": [],
            "R-185": [
                "T-185"
            ],
            "R-197": [
                "T-197"
            ],
            "R-203": [],
            "R-224": [],
            "R-225": [],
            "R-229": [
                "T-229"
            ],
            "R-235": [],
            "R-245": [],
            "R-247": [
                "T-247"
            ],
            "R-297": [
                "T-297"
            ],
            "R-298": [],
            "R-308": []
        },
        "err": {},
        "time_to_analyze": 14.208387822844088,
        "GPU": {
            "utilization": {
                "avg": 95.49056603773585,
                "std": 11.613358756041107,
                "max": 100.0
            },
            "avg_temperature": 50.509433962264154
        },
        "VRAM": {
            "max_usage_MiB": 15861.0,
            "utilization": {
                "avg": 42.58490566037736,
                "std": 6.86247870184211,
                "max": 57.0
            }
        }
    }
}