{
  "prevalence": 0.04035398230088495,
  "all_n": {
    "name": "all_n",
    "population": [
      1000,
      775,
      950,
      775,
      775,
      750,
      925,
      975,
      750,
      800
    ],
    "size": 10,
    "total": 8475,
    "min": 750,
    "q1": 775,
    "median": 787.5,
    "q3": 950,
    "max": 1000,
    "mean": 847.5,
    "sd": 96.46890690787369
  },
  "all_tp": {
    "name": "all_tp",
    "population": [
      0,
      1,
      0,
      0,
      0,
      1,
      0,
      0,
      2,
      0
    ],
    "size": 10,
    "total": 4,
    "min": 0,
    "q1": 0,
    "median": 0.0,
    "q3": 1,
    "max": 2,
    "mean": 0.4,
    "sd": 0.66332495807108
  },
  "all_tn": {
    "name": "all_tn",
    "population": [
      959,
      739,
      911,
      744,
      744,
      714,
      888,
      936,
      716,
      768
    ],
    "size": 10,
    "total": 8119,
    "min": 714,
    "q1": 739,
    "median": 756.0,
    "q3": 911,
    "max": 959,
    "mean": 811.9,
    "sd": 93.75227997227587
  },
  "all_fp": {
    "name": "all_fp",
    "population": [
      0,
      5,
      0,
      0,
      0,
      6,
      0,
      0,
      3,
      0
    ],
    "size": 10,
    "total": 14,
    "min": 0,
    "q1": 0,
    "median": 0.0,
    "q3": 3,
    "max": 6,
    "mean": 1.4,
    "sd": 2.244994432064365
  },
  "all_fn": {
    "name": "all_fn",
    "population": [
      41,
      30,
      39,
      31,
      31,
      29,
      37,
      39,
      29,
      32
    ],
    "size": 10,
    "total": 338,
    "min": 29,
    "q1": 30,
    "median": 31.5,
    "q3": 39,
    "max": 41,
    "mean": 33.8,
    "sd": 4.422668877499196
  },
  "all_accuracy": {
    "name": "all_accuracy",
    "population": [
      0.959,
      0.9548387096774194,
      0.9589473684210527,
      0.96,
      0.96,
      0.9533333333333334,
      0.96,
      0.96,
      0.9573333333333334,
      0.96
    ],
    "size": 10,
    "total": 9.583452744765136,
    "min": 0.9533333333333334,
    "q1": 0.9573333333333334,
    "median": 0.9595,
    "q3": 0.96,
    "max": 0.96,
    "mean": 0.9583452744765136,
    "sd": 0.0023004638882136753
  },
  "all_balanced_accuracy": {
    "name": "all_balanced_accuracy",
    "population": [
      0.4795,
      0.5638274815778067,
      0.47947368421052633,
      0.48,
      0.48,
      0.5519130936358393,
      0.48,
      0.48,
      0.6805369127516778,
      0.48
    ],
    "size": 10,
    "total": 5.15525117217585,
    "min": 0.47947368421052633,
    "q1": 0.48,
    "median": 0.48,
    "q3": 0.5519130936358393,
    "max": 0.6805369127516778,
    "mean": 0.515525117217585,
    "sd": 0.0630823117482288
  },
  "all_f1": {
    "name": "all_f1",
    "population": [
      0.0,
      0.05405405405405405,
      0.0,
      0.0,
      0.0,
      0.05405405405405406,
      0.0,
      0.0,
      0.1111111111111111,
      0.0
    ],
    "size": 10,
    "total": 0.21921921921921922,
    "min": 0.0,
    "q1": 0.0,
    "median": 0.0,
    "q3": 0.05405405405405405,
    "max": 0.1111111111111111,
    "mean": 0.02192192192192192,
    "sd": 0.03658367658422874
  },
  "all_recall": {
    "name": "all_recall",
    "population": [
      0.0,
      0.03225806451612903,
      0.0,
      0.0,
      0.0,
      0.03333333333333333,
      0.0,
      0.0,
      0.06451612903225806,
      0.0
    ],
    "size": 10,
    "total": 0.13010752688172042,
    "min": 0.0,
    "q1": 0.0,
    "median": 0.0,
    "q3": 0.03225806451612903,
    "max": 0.06451612903225806,
    "mean": 0.013010752688172042,
    "sd": 0.0214970413955434
  },
  "all_precision": {
    "name": "all_precision",
    "population": [
      0.0,
      0.16666666666666666,
      0.0,
      0.0,
      0.0,
      0.14285714285714285,
      0.0,
      0.0,
      0.4,
      0.0
    ],
    "size": 10,
    "total": 0.7095238095238096,
    "min": 0.0,
    "q1": 0.0,
    "median": 0.0,
    "q3": 0.14285714285714285,
    "max": 0.4,
    "mean": 0.07095238095238096,
    "sd": 0.1256357980095506
  },
  "all_specificity": {
    "name": "all_specificity",
    "population": [
      0.959,
      0.9609882964889467,
      0.9589473684210527,
      0.96,
      0.96,
      0.9609690444145357,
      0.96,
      0.96,
      0.9610738255033557,
      0.96
    ],
    "size": 10,
    "total": 9.600978534827892,
    "min": 0.9589473684210527,
    "q1": 0.96,
    "median": 0.96,
    "q3": 0.9609690444145357,
    "max": 0.9610738255033557,
    "mean": 0.9600978534827892,
    "sd": 0.0007128224490798604
  },
  "frequency_table": {
    "true": {
      "S1": {},
      "S2": {},
      "S12": {},
      "S24": {},
      "S56": {},
      "S59": {},
      "S75": {},
      "S89": {},
      "S116": {},
      "S135": {},
      "S177": {},
      "S182": {},
      "S234": {},
      "S236": {},
      "B53": {},
      "B85": {},
      "B87": {},
      "B93": {},
      "B105": {},
      "B106": {},
      "B108": {},
      "S549": {},
      "S555": {},
      "S557": {},
      "S558": {},
      "S27": {},
      "S28": {},
      "S30": {},
      "S38": {},
      "S111": {},
      "S117": {},
      "S137": {},
      "S143": {},
      "S148": {},
      "S152": {},
      "S163": {},
      "S174": {},
      "B24": {},
      "B34": {},
      "B45": {},
      "B61": {},
      "B90": {
        "274": 1
      },
      "S537": {
        "491": 1
      },
      "S11": {},
      "S60": {},
      "S72": {},
      "S86": {},
      "S166": {},
      "S172": {},
      "S231": {},
      "S241": {},
      "B48": {},
      "B71": {},
      "B113": {},
      "S543": {},
      "S545": {},
      "S548": {},
      "S77": {},
      "S139": {},
      "S147": {},
      "S155": {},
      "S221": {},
      "S228": {
        "33": 1
      },
      "B11": {},
      "B33": {},
      "B91": {},
      "S546": {},
      "S70": {},
      "S73": {},
      "S136": {},
      "S237": {},
      "S259": {},
      "B31": {},
      "B42": {},
      "B62": {},
      "S560": {},
      "S58": {},
      "S88": {},
      "S91": {},
      "S119": {},
      "S171": {},
      "S215": {},
      "B30": {},
      "B73": {},
      "S8": {},
      "S94": {},
      "S238": {},
      "B1": {
        "293": 1
      },
      "S559": {},
      "S186": {},
      "S192": {},
      "B15": {},
      "B81": {},
      "S213": {},
      "S81": {},
      "B35": {},
      "B46": {}
    },
    "false": {
      "S1": {},
      "S2": {},
      "S12": {},
      "S24": {},
      "S56": {},
      "S59": {},
      "S75": {},
      "S89": {},
      "S116": {},
      "S135": {},
      "S177": {},
      "S182": {},
      "S234": {},
      "S236": {},
      "B53": {},
      "B85": {},
      "B87": {},
      "B93": {},
      "B105": {},
      "B106": {},
      "B108": {},
      "S549": {},
      "S555": {},
      "S557": {},
      "S558": {},
      "S27": {},
      "S28": {},
      "S30": {},
      "S38": {},
      "S111": {},
      "S117": {},
      "S137": {},
      "S143": {},
      "S148": {
        "21": 1,
        "358": 1,
        "23": 1,
        "319": 1,
        "364": 1
      },
      "S152": {},
      "S163": {},
      "S174": {},
      "B24": {},
      "B34": {},
      "B45": {},
      "B61": {},
      "B90": {
        "310": 1
      },
      "S537": {},
      "S11": {},
      "S60": {},
      "S72": {},
      "S86": {},
      "S166": {},
      "S172": {},
      "S231": {},
      "S241": {},
      "B48": {},
      "B71": {},
      "B113": {},
      "S543": {},
      "S545": {},
      "S548": {},
      "S77": {},
      "S139": {},
      "S147": {},
      "S155": {},
      "S221": {},
      "S228": {
        "249": 1,
        "256": 1,
        "248": 1,
        "327": 1,
        "49": 1,
        "20": 1
      },
      "B11": {},
      "B33": {},
      "B91": {},
      "S546": {},
      "S70": {},
      "S73": {},
      "S136": {},
      "S237": {},
      "S259": {},
      "B31": {},
      "B42": {},
      "B62": {},
      "S560": {},
      "S58": {},
      "S88": {},
      "S91": {},
      "S119": {},
      "S171": {},