{
  "prevalence": 0.04035398230088495,
  "all_n": {
    "name": "all_n",
    "population": [
      1000,
      775,
      950,
      775,
      775,
      750,
      925,
      975,
      750,
      800
    ],
    "size": 10,
    "total": 8475,
    "min": 750,
    "q1": 775,
    "median": 787.5,
    "q3": 950,
    "max": 1000,
    "mean": 847.5,
    "sd": 96.46890690787369
  },
  "all_tp": {
    "name": "all_tp",
    "population": [
      27,
      29,
      25,
      29,
      27,
      26,
      27,
      27,
      28,
      30
    ],
    "size": 10,
    "total": 275,
    "min": 25,
    "q1": 27,
    "median": 27.0,
    "q3": 29,
    "max": 30,
    "mean": 27.5,
    "sd": 1.4317821063276353
  },
  "all_tn": {
    "name": "all_tn",
    "population": [
      954,
      741,
      896,
      740,
      721,
      704,
      887,
      924,
      714,
      756
    ],
    "size": 10,
    "total": 8037,
    "min": 704,
    "q1": 721,
    "median": 748.5,
    "q3": 896,
    "max": 954,
    "mean": 803.7,
    "sd": 93.600267093636
  },
  "all_fp": {
    "name": "all_fp",
    "population": [
      5,
      3,
      15,
      4,
      23,
      16,
      1,
      12,
      5,
      12
    ],
    "size": 10,
    "total": 96,
    "min": 1,
    "q1": 4,
    "median": 8.5,
    "q3": 15,
    "max": 23,
    "mean": 9.6,
    "sd": 6.726068688320094
  },
  "all_fn": {
    "name": "all_fn",
    "population": [
      14,
      2,
      14,
      2,
      4,
      4,
      10,
      12,
      3,
      2
    ],
    "size": 10,
    "total": 67,
    "min": 2,
    "q1": 2,
    "median": 4.0,
    "q3": 12,
    "max": 14,
    "mean": 6.7,
    "sd": 4.8999999999999995
  },
  "all_accuracy": {
    "name": "all_accuracy",
    "population": [
      0.981,
      0.9935483870967742,
      0.9694736842105263,
      0.9922580645161291,
      0.9651612903225807,
      0.9733333333333334,
      0.9881081081081081,
      0.9753846153846154,
      0.9893333333333333,
      0.9825
    ],
    "size": 10,
    "total": 9.8101008163054,
    "min": 0.9651612903225807,
    "q1": 0.9733333333333334,
    "median": 0.98175,
    "q3": 0.9893333333333333,
    "max": 0.9935483870967742,
    "mean": 0.98101008163054,
    "sd": 0.009383259915342794
  },
  "all_balanced_accuracy": {
    "name": "all_balanced_accuracy",
    "population": [
      0.9146435950413223,
      0.9517791049798116,
      0.8048076923076923,
      0.9380462304990607,
      0.7672413793103449,
      0.8066989507667475,
      0.9765687211339386,
      0.8397435897435898,
      0.9221503740332193,
      0.8558235959291368
    ],
    "size": 10,
    "total": 8.777503233744863,
    "min": 0.7672413793103449,
    "q1": 0.8066989507667475,
    "median": 0.8852335954852295,
    "q3": 0.9380462304990607,
    "max": 0.9765687211339386,
    "mean": 0.8777503233744863,
    "sd": 0.06835192427633975
  },
  "all_f1": {
    "name": "all_f1",
    "population": [
      0.7397260273972602,
      0.9206349206349206,
      0.6329113924050633,
      0.90625,
      0.6666666666666666,
      0.7222222222222222,
      0.8307692307692307,
      0.6923076923076923,
      0.875,
      0.8108108108108109
    ],
    "size": 10,
    "total": 7.7972989632138665,
    "min": 0.6329113924050633,
    "q1": 0.6923076923076923,
    "median": 0.7752684191040355,
    "q3": 0.875,
    "max": 0.9206349206349206,
    "mean": 0.7797298963213867,
    "sd": 0.09767192172213361
  },
  "all_recall": {
    "name": "all_recall",
    "population": [
      0.6585365853658537,
      0.9354838709677419,
      0.6410256410256411,
      0.9354838709677419,
      0.8709677419354839,
      0.8666666666666667,
      0.7297297297297297,
      0.6923076923076923,
      0.9032258064516129,
      0.9375
    ],
    "size": 10,
    "total": 8.170927605418164,
    "min": 0.6410256410256411,
    "q1": 0.6923076923076923,
    "median": 0.8688172043010753,
    "q3": 0.9354838709677419,
    "max": 0.9375,
    "mean": 0.8170927605418165,
    "sd": 0.1160401242778
  },
  "all_precision": {
    "name": "all_precision",
    "population": [
      0.84375,
      0.90625,
      0.625,
      0.8787878787878788,
      0.54,
      0.6190476190476191,
      0.9642857142857143,
      0.6923076923076923,
      0.8484848484848485,
      0.7142857142857143
    ],
    "size": 10,
    "total": 7.632199467199468,
    "min": 0.54,
    "q1": 0.625,
    "median": 0.7790178571428572,
    "q3": 0.8787878787878788,
    "max": 0.9642857142857143,
    "mean": 0.7632199467199469,
    "sd": 0.13606500071141162
  },
  "all_specificity": {
    "name": "all_specificity",
    "population": [
      0.9855371900826446,
      0.9973082099596231,
      0.9846153846153847,
      0.9973045822102425,
      0.9944827586206897,
      0.9943502824858758,
      0.9888517279821628,
      0.9871794871794872,
      0.99581589958159,
      0.9973614775725593
    ],
    "size": 10,
    "total": 9.922807000290259,
    "min": 0.9846153846153847,
    "q1": 0.9871794871794872,
    "median": 0.9944165205532827,
    "q3": 0.9973045822102425,
    "max": 0.9973614775725593,
    "mean": 0.9922807000290259,
    "sd": 0.0048986898942999
  },
  "frequency_table": {
    "true": {
      "S1": {
        "406": 4
      },
      "S2": {
        "35": 3
      },
      "S12": {
        "364": 4
      },
      "S24": {
        "44": 3,
        "43": 3
      },
      "S56": {
        "245": 2
      },
      "S59": {
        "248": 2,
        "249": 2,
        "250": 2
      },
      "S75": {
        "451": 4,
        "452": 4
      },
      "S89": {
        "141": 4
      },
      "S116": {
        "49": 4
      },
      "S135": {
        "216": 4
      },
      "S177": {
        "352": 2
      },
      "S182": {
        "480": 1,
        "486": 1
      },
      "S234": {
        "21": 3
      },
      "S236": {
        "23": 6
      },
      "B53": {
        "434": 2
      },
      "B85": {
        "238": 4
      },
      "B87": {
        "271": 4
      },
      "B93": {
        "281": 2
      },
      "B105": {},
      "B106": {
        "642": 5
      },
      "B108": {
        "32": 6
      },
      "S549": {
        "90": 4
      },
      "S555": {
        "96": 1
      },
      "S557": {
        "98": 2
      },
      "S558": {
        "99": 6
      },
      "S27": {
        "415": 1,
        "414": 1
      },
      "S28": {
        "63": 3,
        "485": 2
      },
      "S30": {
        "484": 2,
        "483": 2
      },
      "S38": {
        "71": 1
      },
      "S111": {
        "188": 2
      },
      "S117": {
        "50": 3
      },
      "S137": {
        "220": 2
      },
      "S143": {
        "596": 3
      },
      "S148": {
        "256": 3
      },
      "S152": {
        "260": 4
      },
      "S163": {
        "273": 3
      },
      "S174": {
        "348": 3
      },
      "B24": {
        "319": 4
      },
      "B34": {
        "331": 4
      },
      "B45": {
        "466": 1,
        "465": 1
      },
      "B61": {
        "358": 2
      },
      "B90": {
        "274": 4
      },
      "S537": {
        "491": 3
      },
      "S11": {
        "362": 1
      },
      "S60": {
        "251": 3
      },
      "S72": {
        "445": 2,
        "446": 2
      },
      "S86": {
        "430": 2,
        "478": 2
      },
      "S166": {
        "277": 2
      },
      "S172": {
        "29": 5
      },
      "S231": {
        "20": 3
      },
      "S241": {
        "646": 1
      },
      "B48": {
        "472": 3,
        "471": 3
      },
      "B71": {
        "218": 4
      },
      "B113": {
        "26": 2
      },
      "S543": {
        "84": 3
      },
      "S545": {
        "86": 3
      },
      "S548": {
        "89": 2
      },
      "S77": {
        "455": 2,
        "456": 2
      },
      "S139": {
        "222": 3
      },
      "S147": {
        "255": 3
      },
      "S155": {
        "263": 2
      },
      "S221": {
        "653": 2
      },
      "S228": {
        "33": 4
      },