{
  "prevalence": 0.04035398230088495,
  "all_n": {
    "name": "all_n",
    "population": [
      1000,
      775,
      950,
      775,
      775,
      750,
      925,
      975,
      750,
      800
    ],
    "size": 10,
    "total": 8475,
    "min": 750,
    "q1": 775,
    "median": 787.5,
    "q3": 950,
    "max": 1000,
    "mean": 847.5,
    "sd": 96.46890690787369
  },
  "all_tp": {
    "name": "all_tp",
    "population": [
      28,
      29,
      23,
      30,
      28,
      28,
      26,
      27,
      29,
      29
    ],
    "size": 10,
    "total": 277,
    "min": 23,
    "q1": 27,
    "median": 28.0,
    "q3": 29,
    "max": 30,
    "mean": 27.7,
    "sd": 1.9000000000000001
  },
  "all_tn": {
    "name": "all_tn",
    "population": [
      948,
      740,
      900,
      739,
      736,
      702,
      888,
      928,
      710,
      758
    ],
    "size": 10,
    "total": 8049,
    "min": 702,
    "q1": 736,
    "median": 749.0,
    "q3": 900,
    "max": 948,
    "mean": 804.9,
    "sd": 93.10042964455106
  },
  "all_fp": {
    "name": "all_fp",
    "population": [
      11,
      4,
      11,
      5,
      8,
      18,
      0,
      8,
      9,
      10
    ],
    "size": 10,
    "total": 84,
    "min": 0,
    "q1": 5,
    "median": 8.5,
    "q3": 11,
    "max": 18,
    "mean": 8.4,
    "sd": 4.586937976471886
  },
  "all_fn": {
    "name": "all_fn",
    "population": [
      13,
      2,
      16,
      1,
      3,
      2,
      11,
      12,
      2,
      3
    ],
    "size": 10,
    "total": 65,
    "min": 1,
    "q1": 2,
    "median": 3.0,
    "q3": 12,
    "max": 16,
    "mean": 6.5,
    "sd": 5.463515351859094
  },
  "all_accuracy": {
    "name": "all_accuracy",
    "population": [
      0.976,
      0.9922580645161291,
      0.9715789473684211,
      0.9922580645161291,
      0.9858064516129033,
      0.9733333333333334,
      0.9881081081081081,
      0.9794871794871794,
      0.9853333333333333,
      0.98375
    ],
    "size": 10,
    "total": 9.827913482275537,
    "min": 0.9715789473684211,
    "q1": 0.976,
    "median": 0.9845416666666666,
    "q3": 0.9881081081081081,
    "max": 0.9922580645161291,
    "mean": 0.9827913482275538,
    "sd": 0.007044067295996896
  },
  "all_balanced_accuracy": {
    "name": "all_balanced_accuracy",
    "population": [
      0.8522105712532351,
      0.9380462304990607,
      0.8295016696634986,
      0.9278957528957529,
      0.8868591189294843,
      0.802927371541502,
      0.9938820912124583,
      0.8793313069908815,
      0.8801744529863986,
      0.8698237811247009
    ],
    "size": 10,
    "total": 8.860652347096972,
    "min": 0.802927371541502,
    "q1": 0.8522105712532351,
    "median": 0.87975287998864,
    "q3": 0.9278957528957529,
    "max": 0.9938820912124583,
    "mean": 0.8860652347096971,
    "sd": 0.05261010577855355
  },
  "all_f1": {
    "name": "all_f1",
    "population": [
      0.7000000000000001,
      0.90625,
      0.6301369863013699,
      0.909090909090909,
      0.835820895522388,
      0.7368421052631579,
      0.8253968253968255,
      0.7297297297297296,
      0.8405797101449276,
      0.8169014084507042
    ],
    "size": 10,
    "total": 7.930748569900011,
    "min": 0.6301369863013699,
    "q1": 0.7297297297297296,
    "median": 0.8211491169237648,
    "q3": 0.8405797101449276,
    "max": 0.909090909090909,
    "mean": 0.7930748569900011,
    "sd": 0.08622707964598246
  },
  "all_recall": {
    "name": "all_recall",
    "population": [
      0.6829268292682927,
      0.9354838709677419,
      0.5897435897435898,
      0.967741935483871,
      0.9032258064516129,
      0.9333333333333333,
      0.7027027027027027,
      0.6923076923076923,
      0.9354838709677419,
      0.90625
    ],
    "size": 10,
    "total": 8.249199631226578,
    "min": 0.5897435897435898,
    "q1": 0.6923076923076923,
    "median": 0.9047379032258065,
    "q3": 0.9354838709677419,
    "max": 0.967741935483871,
    "mean": 0.8249199631226578,
    "sd": 0.1331689753044006
  },
  "all_precision": {
    "name": "all_precision",
    "population": [
      0.717948717948718,
      0.8787878787878788,
      0.6764705882352942,
      0.8571428571428571,
      0.7777777777777778,
      0.6086956521739131,
      1.0,
      0.7714285714285715,
      0.7631578947368421,
      0.7435897435897436
    ],
    "size": 10,
    "total": 7.794999681821596,
    "min": 0.6086956521739131,
    "q1": 0.717948717948718,
    "median": 0.7672932330827068,
    "q3": 0.8571428571428571,
    "max": 1.0,
    "mean": 0.7794999681821596,
    "sd": 0.10474216739927336
  },
  "all_specificity": {
    "name": "all_specificity",
    "population": [
      0.9864724245577523,
      0.9973045822102425,
      0.982532751091703,
      0.9986486486486487,
      0.9959404600811907,
      0.9971590909090909,
      0.9877641824249166,
      0.9872340425531915,
      0.9971910112359551,
      0.9960578186596584
    ],
    "size": 10,
    "total": 9.926305012372348,
    "min": 0.982532751091703,
    "q1": 0.9872340425531915,
    "median": 0.9959991393704246,
    "q3": 0.9971910112359551,
    "max": 0.9986486486486487,
    "mean": 0.9926305012372347,
    "sd": 0.005610375485104564
  },
  "frequency_table": {
    "true": {
      "S1": {
        "406": 4
      },
      "S2": {
        "35": 3
      },
      "S12": {
        "364": 4
      },
      "S24": {
        "44": 3,
        "43": 3
      },
      "S56": {
        "245": 2
      },
      "S59": {
        "248": 2,
        "249": 2,
        "250": 2
      },
      "S75": {
        "451": 4,
        "452": 4
      },
      "S89": {
        "141": 4
      },
      "S116": {
        "49": 4
      },
      "S135": {
        "216": 4
      },
      "S177": {
        "352": 2
      },
      "S182": {
        "480": 2,
        "486": 2
      },
      "S234": {
        "21": 2
      },
      "S236": {
        "23": 6
      },
      "B53": {
        "434": 2
      },
      "B85": {
        "238": 3
      },
      "B87": {
        "271": 4
      },
      "B93": {
        "281": 2
      },
      "B105": {},
      "B106": {
        "642": 4
      },
      "B108": {
        "32": 6
      },
      "S549": {
        "90": 4
      },
      "S555": {
        "96": 1
      },
      "S557": {
        "98": 2
      },
      "S558": {
        "99": 6
      },
      "S27": {
        "415": 1,
        "414": 1
      },
      "S28": {
        "63": 3,
        "485": 2
      },
      "S30": {
        "484": 2,
        "483": 2
      },
      "S38": {
        "71": 1
      },
      "S111": {
        "188": 2
      },
      "S117": {
        "50": 3
      },
      "S137": {
        "220": 2
      },
      "S143": {
        "596": 3
      },
      "S148": {
        "256": 3
      },
      "S152": {
        "260": 4
      },
      "S163": {
        "273": 3
      },
      "S174": {
        "348": 3
      },
      "B24": {
        "319": 4
      },
      "B34": {
        "331": 4
      },
      "B45": {
        "466": 1,
        "465": 1
      },
      "B61": {
        "358": 2
      },
      "B90": {
        "274": 4
      },
      "S537": {
        "491": 3
      },
      "S11": {
        "362": 1
      },
      "S60": {
        "251": 3
      },
      "S72": {
        "445": 2,
        "446": 2
      },
      "S86": {
        "430": 1,
        "478": 1
      },
      "S166": {
        "277": 2
      },
      "S172": {
        "29": 6
      },
      "S231": {
        "20": 3
      },
      "S241": {
        "646": 1
      },
      "B48": {
        "472": 3,
        "471": 3
      },
      "B71": {
        "218": 4
      },
      "B113": {
        "26": 2
      },
      "S543": {
        "84": 3
      },
      "S545": {
        "86": 3
      },
      "S548": {
        "89": 2
      },
      "S77": {
        "455": 2,
        "456": 2
      },
      "S139": {
        "222": 3
      },
      "S147": {
        "255": 3
      },
      "S155": {
        "263": 2
      },