{
    "meta": {
        "req_path": "./data/Mozilla/04/RE.csv",
        "test_path": "./data/Mozilla/04/ST.csv",
        "mapping_path": "./data/Mozilla/04/mapping.csv"
    },
    "data": {
        "links": {
            "R-10": [],
            "R-14": [],
            "R-16": [
                "T-16"
            ],
            "R-19": [
                "T-130"
            ],
            "R-36": [
                "T-36"
            ],
            "R-37": [
                "T-37"
            ],
            "R-41": [],
            "R-52": [],
            "R-69": [
                "T-69"
            ],
            "R-93": [],
            "R-99": [],
            "R-115": [
                "T-115"
            ],
            "R-130": [
                "T-130"
            ],
            "R-165": [],
            "R-171": [],
            "R-174": [
                "T-174"
            ],
            "R-180": [
                "T-174",
                "T-180"
            ],
            "R-184": [
                "T-174",
                "T-180",
                "T-184"
            ],
            "R-190": [],
            "R-214": [
                "T-214"
            ],
            "R-224": [
                "T-224"
            ],
            "R-253": [
                "T-253"
            ],
            "R-293": [],
            "R-304": [
                "T-304"
            ],
            "R-324": []
        },
        "err": {},
        "time_to_analyze": 18.103383380919695,
        "GPU": {
            "utilization": {
                "avg": 91.0958904109589,
                "std": 20.671480879840257,
                "max": 100.0
            },
            "avg_temperature": 47.054794520547944
        },
        "VRAM": {
            "max_usage_MiB": 6999.0,
            "utilization": {
                "avg": 40.3013698630137,
                "std": 11.219631766965499,
                "max": 48.0
            }
        }
    }
}