{
    "meta": {
        "req_path": "./data/AMINA/07/RE.csv",
        "test_path": "./data/AMINA/07/ST.csv",
        "mapping_path": "./data/AMINA/07/mapping.csv"
    },
    "data": {
        "links": {
            "S8": [
                "360"
            ],
            "S60": [
                "251"
            ],
            "S73": [
                "447",
                "448"
            ],
            "S89": [
                "141"
            ],
            "S94": [
                "149"
            ],
            "S135": [
                "216"
            ],
            "S137": [
                "220"
            ],
            "S143": [
                "596"
            ],
            "S152": [
                "260"
            ],
            "S163": [
                "273"
            ],
            "S182": [
                "480",
                "486"
            ],
            "S228": [
                "33"
            ],
            "S234": [
                "21"
            ],
            "S238": [
                "24"
            ],
            "B1": [
                "293"
            ],
            "B24": [
                "319"
            ],
            "B30": [
                "327"
            ],
            "B31": [
                "328"
            ],
            "B53": [
                "434"
            ],
            "B106": [
                "642"
            ],
            "B108": [
                "32"
            ],
            "S537": [
                "491"
            ],
            "S543": [
                "84"
            ],
            "S558": [
                "99"
            ],
            "S559": [
                "99",
                "100"
            ]
        },
        "err": {},
        "time_to_analyze": 18.094341977499425,
        "GPU": {
            "utilization": {
                "avg": 74.47692307692307,
                "std": 19.455162949320556,
                "max": 100.0
            },
            "avg_temperature": 42.738461538461536
        },
        "VRAM": {
            "max_usage_MiB": 5541.0,
            "utilization": {
                "avg": 39.53846153846154,
                "std": 20.896378964934424,
                "max": 70.0
            }
        }
    }
}