{
  "prevalence": 0.16666666666666666,
  "all_n": {
    "name": "all_n",
    "population": [
      120,
      120,
      120,
      120,
      120,
      120,
      120,
      120,
      120,
      120
    ],
    "size": 10,
    "total": 1200,
    "min": 120,
    "q1": 120,
    "median": 120.0,
    "q3": 120,
    "max": 120,
    "mean": 120.0,
    "sd": 0.0
  },
  "all_tp": {
    "name": "all_tp",
    "population": [
      0,
      0,
      0,
      0,
      0,
      0,
      0,
      0,
      0,
      0
    ],
    "size": 10,
    "total": 0,
    "min": 0,
    "q1": 0,
    "median": 0.0,
    "q3": 0,
    "max": 0,
    "mean": 0.0,
    "sd": 0.0
  },
  "all_tn": {
    "name": "all_tn",
    "population": [
      100,
      100,
      100,
      100,
      100,
      100,
      100,
      100,
      100,
      100
    ],
    "size": 10,
    "total": 1000,
    "min": 100,
    "q1": 100,
    "median": 100.0,
    "q3": 100,
    "max": 100,
    "mean": 100.0,
    "sd": 0.0
  },
  "all_fp": {
    "name": "all_fp",
    "population": [
      0,
      0,
      0,
      0,
      0,
      0,
      0,
      0,
      0,
      0
    ],
    "size": 10,
    "total": 0,
    "min": 0,
    "q1": 0,
    "median": 0.0,
    "q3": 0,
    "max": 0,
    "mean": 0.0,
    "sd": 0.0
  },
  "all_fn": {
    "name": "all_fn",
    "population": [
      20,
      20,
      20,
      20,
      20,
      20,
      20,
      20,
      20,
      20
    ],
    "size": 10,
    "total": 200,
    "min": 20,
    "q1": 20,
    "median": 20.0,
    "q3": 20,
    "max": 20,
    "mean": 20.0,
    "sd": 0.0
  },
  "all_accuracy": {
    "name": "all_accuracy",
    "population": [
      0.8333333333333334,
      0.8333333333333334,
      0.8333333333333334,
      0.8333333333333334,
      0.8333333333333334,
      0.8333333333333334,
      0.8333333333333334,
      0.8333333333333334,
      0.8333333333333334,
      0.8333333333333334
    ],
    "size": 10,
    "total": 8.333333333333332,
    "min": 0.8333333333333334,
    "q1": 0.8333333333333334,
    "median": 0.8333333333333334,
    "q3": 0.8333333333333334,
    "max": 0.8333333333333334,
    "mean": 0.8333333333333333,
    "sd": 1.1102230246251565e-16
  },
  "all_balanced_accuracy": {
    "name": "all_balanced_accuracy",
    "population": [
      0.4166666666666667,
      0.4166666666666667,
      0.4166666666666667,
      0.4166666666666667,
      0.4166666666666667,
      0.4166666666666667,
      0.4166666666666667,
      0.4166666666666667,
      0.4166666666666667,
      0.4166666666666667
    ],
    "size": 10,
    "total": 4.166666666666666,
    "min": 0.4166666666666667,
    "q1": 0.4166666666666667,
    "median": 0.4166666666666667,
    "q3": 0.4166666666666667,
    "max": 0.4166666666666667,
    "mean": 0.41666666666666663,
    "sd": 5.551115123125783e-17
  },
  "all_f1": {
    "name": "all_f1",
    "population": [
      0.0,
      0.0,
      0.0,
      0.0,
      0.0,
      0.0,
      0.0,
      0.0,
      0.0,
      0.0
    ],
    "size": 10,
    "total": 0.0,
    "min": 0.0,
    "q1": 0.0,
    "median": 0.0,
    "q3": 0.0,
    "max": 0.0,
    "mean": 0.0,
    "sd": 0.0
  },
  "all_recall": {
    "name": "all_recall",
    "population": [
      0.0,
      0.0,
      0.0,
      0.0,
      0.0,
      0.0,
      0.0,
      0.0,
      0.0,
      0.0
    ],
    "size": 10,
    "total": 0.0,
    "min": 0.0,
    "q1": 0.0,
    "median": 0.0,
    "q3": 0.0,
    "max": 0.0,
    "mean": 0.0,
    "sd": 0.0
  },
  "all_precision": {
    "name": "all_precision",
    "population": [
      0.0,
      0.0,
      0.0,
      0.0,
      0.0,
      0.0,
      0.0,
      0.0,
      0.0,
      0.0
    ],
    "size": 10,
    "total": 0.0,
    "min": 0.0,
    "q1": 0.0,
    "median": 0.0,
    "q3": 0.0,
    "max": 0.0,
    "mean": 0.0,
    "sd": 0.0
  },
  "all_specificity": {
    "name": "all_specificity",
    "population": [
      0.8333333333333334,
      0.8333333333333334,
      0.8333333333333334,
      0.8333333333333334,
      0.8333333333333334,
      0.8333333333333334,
      0.8333333333333334,
      0.8333333333333334,
      0.8333333333333334,
      0.8333333333333334
    ],
    "size": 10,
    "total": 8.333333333333332,
    "min": 0.8333333333333334,
    "q1": 0.8333333333333334,
    "median": 0.8333333333333334,
    "q3": 0.8333333333333334,
    "max": 0.8333333333333334,
    "mean": 0.8333333333333333,
    "sd": 1.1102230246251565e-16
  },
  "frequency_table": {
    "true": {
      "4.2": {},
      "4.2.1": {},
      "4.2.2": {},
      "4.3": {},
      "4.5": {},
      "4.6.1": {},
      "4.6.2": {},
      "4.7": {}
    },
    "false": {
      "4.2": {},
      "4.2.1": {},
      "4.2.2": {},
      "4.3": {},
      "4.5": {},
      "4.6.1": {},
      "4.6.2": {},
      "4.7": {}
    }
  },
  "all_err": {
    "name": "all_err",
    "population": [
      8,
      8,
      8,
      8,
      8,
      8,
      8,
      8,
      8,
      8
    ],
    "size": 10,
    "total": 80,
    "min": 8,
    "q1": 8,
    "median": 8.0,
    "q3": 8,
    "max": 8,
    "mean": 8.0,
    "sd": 0.0
  },
  "all_time_to_analyze": {
    "name": "all_time_to_analyze",
    "population": [
      576.9745882928837,
      600.3319252801593,
      449.38321644603275,
      452.1282588765025,
      622.7409765999764,
      590.525972362142,
      573.4641526038758,
      592.8446390372701,
      733.9776297598146,
      319.02774202730507
    ],
    "size": 10,
    "total": 5511.399101285962,
    "min": 319.02774202730507,
    "q1": 452.1282588765025,
    "median": 583.7502803275129,
    "q3": 600.3319252801593,
    "max": 733.9776297598146,
    "mean": 551.1399101285963,
    "sd": 109.30065776452037
  },
  "all_gpu_util_mean": {
    "name": "all_gpu_util_mean",
    "population": [
      58.39016963897347,
      58.709030100334445,
      57.88659217877095,
      59.02330743618202,
      57.99074074074074,
      58.62988115449915,
      59.73972003499563,
      57.87129551227773,
      59.278783737615306,
      55.531864673485444
    ],
    "size": 10,
    "total": 583.0513852078749,
    "min": 55.531864673485444,
    "q1": 57.88659217877095,
    "median": 58.51002539673631,
    "q3": 59.02330743618202,
    "max": 59.73972003499563,
    "mean": 58.30513852078749,
    "sd": 1.0932011155369938
  },
  "all_gpu_util_max": {
    "name": "all_gpu_util_max",
    "population": [
      100.0,
      100.0,
      100.0,
      100.0,
      100.0,
      100.0,
      100.0,
      100.0,
      100.0,
      100.0
    ],
    "size": 10,
    "total": 1000.0,
    "min": 100.0,
    "q1": 100.0,
    "median": 100.0,
    "q3": 100.0,
    "max": 100.0,
    "mean": 100.0,
    "sd": 0.0
  },
  "all_vram_util_mean": {
    "name": "all_vram_util_mean",
    "population": [
      20.92996955197912,
      20.96697324414716,
      20.521787709497207,
      20.864039955604884,
      20.59098228663446,
      21.053480475382003,
      21.334645669291337,
      20.698560541913633,
      21.329005807994534,
      19.116443745082613
    ],
    "size": 10,
    "total": 207.40588898752696,
    "min": 19.116443745082613,
    "q1": 20.59098228663446,
    "median": 20.897004753792004,
    "q3": 21.053480475382003,
    "max": 21.334645669291337,
    "mean": 20.740588898752698,
    "sd": 0.6007715100853136
  },
  "all_vram_util_max": {
    "name": "all_vram_util_max",
    "population": [
      49.0,
      49.0,
      48.0,
      49.0,
      49.0,
      50.0,
      49.0,
      48.0,
      49.0,
      49.0
    ],
    "size": 10,
    "total": 489.0,
    "min": 48.0,
    "q1": 49.0,
    "median": 49.0,
    "q3": 49.0,
    "max": 50.0,
    "mean": 48.9,
    "sd": 0.5385164807134504
  },
  "all_vram_max_usage_MiB": {
    "name": "all_vram_max_usage_MiB",
    "population": [
      4805.0,
      4677.0,
      4805.0,
      4805.0,
      4805.0,
      4805.0,
      4805.0,
      4677.0,
      4805.0,
      4677.0
    ],
    "size": 10,
    "total": 47666.0,
    "min": 4677.0,
    "q1": 4677.0,
    "median": 4805.0,