{
  "prevalence": 0.04,
  "all_n": {
    "name": "all_n",
    "population": [
      625,
      525,
      500,
      500,
      575,
      575,
      550,
      525,
      450,
      475
    ],
    "size": 10,
    "total": 5300,
    "min": 450,
    "q1": 500,
    "median": 525.0,
    "q3": 575,
    "max": 625,
    "mean": 530.0,
    "sd": 49.749371855331
  },
  "all_tp": {
    "name": "all_tp",
    "population": [
      14,
      16,
      14,
      16,
      14,
      16,
      11,
      9,
      14,
      8
    ],
    "size": 10,
    "total": 132,
    "min": 8,
    "q1": 11,
    "median": 14.0,
    "q3": 16,
    "max": 16,
    "mean": 13.2,
    "sd": 2.749545416973504
  },
  "all_tn": {
    "name": "all_tn",
    "population": [
      600,
      501,
      480,
      473,
      547,
      551,
      525,
      499,
      431,
      456
    ],
    "size": 10,
    "total": 5063,
    "min": 431,
    "q1": 473,
    "median": 500.0,
    "q3": 547,
    "max": 600,
    "mean": 506.3,
    "sd": 47.818511060048706
  },
  "all_fp": {
    "name": "all_fp",
    "population": [
      0,
      3,
      0,
      7,
      5,
      1,
      3,
      5,
      1,
      0
    ],
    "size": 10,
    "total": 25,
    "min": 0,
    "q1": 0,
    "median": 2.0,
    "q3": 5,
    "max": 7,
    "mean": 2.5,
    "sd": 2.3769728648009427
  },
  "all_fn": {
    "name": "all_fn",
    "population": [
      11,
      5,
      6,
      4,
      9,
      7,
      11,
      12,
      4,
      11
    ],
    "size": 10,
    "total": 80,
    "min": 4,
    "q1": 5,
    "median": 8.0,
    "q3": 11,
    "max": 12,
    "mean": 8.0,
    "sd": 3.0
  },
  "all_accuracy": {
    "name": "all_accuracy",
    "population": [
      0.9824,
      0.9847619047619047,
      0.988,
      0.978,
      0.9756521739130435,
      0.9860869565217392,
      0.9745454545454545,
      0.9676190476190476,
      0.9888888888888889,
      0.9768421052631578
    ],
    "size": 10,
    "total": 9.802796531513236,
    "min": 0.9676190476190476,
    "q1": 0.9756521739130435,
    "median": 0.9802,
    "q3": 0.9860869565217392,
    "max": 0.9888888888888889,
    "mean": 0.9802796531513236,
    "sd": 0.006508709567295683
  },
  "all_balanced_accuracy": {
    "name": "all_balanced_accuracy",
    "population": [
      0.9909983633387889,
      0.9161119201164967,
      0.9938271604938271,
      0.8436332148391212,
      0.8603275274517228,
      0.9643158338604259,
      0.8825959488272921,
      0.8096868884540118,
      0.9620689655172414,
      0.9882226980728052
    ],
    "size": 10,
    "total": 9.211788520971734,
    "min": 0.8096868884540118,
    "q1": 0.8603275274517228,
    "median": 0.939090442816869,
    "q3": 0.9882226980728052,
    "max": 0.9938271604938271,
    "mean": 0.9211788520971733,
    "sd": 0.06468477445857575
  },
  "all_f1": {
    "name": "all_f1",
    "population": [
      0.717948717948718,
      0.8,
      0.8235294117647058,
      0.7441860465116279,
      0.6666666666666666,
      0.7999999999999999,
      0.6111111111111112,
      0.5142857142857143,
      0.8484848484848485,
      0.5925925925925926
    ],
    "size": 10,
    "total": 7.118805109365985,
    "min": 0.5142857142857143,
    "q1": 0.6111111111111112,
    "median": 0.731067382230173,
    "q3": 0.8,
    "max": 0.8484848484848485,
    "mean": 0.7118805109365984,
    "sd": 0.10639965053751216
  },
  "all_recall": {
    "name": "all_recall",
    "population": [
      0.56,
      0.7619047619047619,
      0.7,
      0.8,
      0.6086956521739131,
      0.6956521739130435,
      0.5,
      0.42857142857142855,
      0.7777777777777778,
      0.42105263157894735
    ],
    "size": 10,
    "total": 6.253654425919873,
    "min": 0.42105263157894735,
    "q1": 0.5,
    "median": 0.6521739130434783,
    "q3": 0.7619047619047619,
    "max": 0.8,
    "mean": 0.6253654425919872,
    "sd": 0.13550605223680975
  },
  "all_precision": {
    "name": "all_precision",
    "population": [
      1.0,
      0.8421052631578947,
      1.0,
      0.6956521739130435,
      0.7368421052631579,
      0.9411764705882353,
      0.7857142857142857,
      0.6428571428571429,
      0.9333333333333333,
      1.0
    ],
    "size": 10,
    "total": 8.577680774827094,
    "min": 0.6428571428571429,
    "q1": 0.7368421052631579,
    "median": 0.887719298245614,
    "q3": 1.0,
    "max": 1.0,
    "mean": 0.8577680774827094,
    "sd": 0.1287964544197465
  },
  "all_specificity": {
    "name": "all_specificity",
    "population": [
      0.9819967266775778,
      0.9901185770750988,
      0.9876543209876543,
      0.9916142557651991,
      0.9838129496402878,
      0.9874551971326165,
      0.9794776119402985,
      0.9765166340508806,
      0.9908045977011494,
      0.9764453961456103
    ],
    "size": 10,
    "total": 9.845896267116373,
    "min": 0.9764453961456103,
    "q1": 0.9794776119402985,
    "median": 0.9856340733864521,
    "q3": 0.9901185770750988,
    "max": 0.9916142557651991,
    "mean": 0.9845896267116373,
    "sd": 0.0054873050726262345
  },
  "frequency_table": {
    "true": {
      "R-16": {
        "T-16": 2
      },
      "R-19": {
        "T-19": 1
      },
      "R-27": {
        "T-27": 2
      },
      "R-35": {
        "T-35": 2
      },
      "R-36": {
        "T-36": 3
      },
      "R-60": {
        "T-60": 1
      },
      "R-62": {
        "T-62": 2
      },
      "R-71": {
        "T-71": 1
      },
      "R-102": {
        "T-102": 1
      },
      "R-123": {
        "T-123": 3
      },
      "R-136": {},
      "R-148": {},
      "R-166": {},
      "R-185": {
        "T-185": 2
      },
      "R-197": {
        "T-197": 3
      },
      "R-203": {
        "T-203": 1
      },
      "R-224": {
        "T-224": 3
      },
      "R-225": {},
      "R-229": {
        "T-229": 1
      },
      "R-235": {},
      "R-245": {},
      "R-247": {
        "T-247": 3
      },
      "R-297": {
        "T-297": 1
      },
      "R-298": {},
      "R-308": {},
      "R-11": {},
      "R-14": {},
      "R-20": {
        "T-20": 1
      },
      "R-53": {
        "T-53": 1
      },
      "R-81": {},
      "R-83": {},
      "R-118": {
        "T-118": 2
      },
      "R-121": {},
      "R-122": {
        "T-122": 1
      },
      "R-124": {
        "T-124": 1
      },
      "R-125": {
        "T-125": 1
      },
      "R-156": {
        "T-156": 2
      },
      "R-158": {
        "T-158": 1
      },
      "R-160": {
        "T-160": 1
      },
      "R-190": {},
      "R-211": {
        "T-211": 2
      },
      "R-220": {
        "T-220": 2
      },
      "R-243": {},
      "R-267": {
        "T-267": 1
      },
      "R-286": {},
      "R-300": {
        "T-300": 1
      },
      "R-323": {
        "T-323": 1
      },
      "R-17": {},
      "R-18": {
        "T-18": 1
      },
      "R-40": {
        "T-40": 1
      },
      "R-47": {
        "T-47": 1
      },
      "R-48": {
        "T-48": 2
      },
      "R-66": {},
      "R-77": {},
      "R-94": {},
      "R-99": {},
      "R-110": {},
      "R-151": {
        "T-151": 2
      },
      "R-155": {},
      "R-199": {
        "T-199": 2
      },
      "R-204": {
        "T-204": 3
      },
      "R-215": {},
      "R-289": {},
      "R-303": {
        "T-303": 2
      },
      "R-311": {},
      "R-322": {},
      "R-10": {},
      "R-37": {
        "T-37": 1
      },
      "R-41": {
        "T-41": 1
      },
      "R-52": {
        "T-52": 1
      },
      "R-69": {
        "T-69": 1
      },
      "R-93": {},
      "R-115": {
        "T-115": 1
      },
      "R-130": {
        "T-130": 2
      },
      "R-165": {},
      "R-171": {},
      "R-174": {
        "T-174": 2
      },
      "R-180": {
        "T-180": 1
      },
      "R-184": {
        "T-184": 3
      },
      "R-214": {
        "T-214": 1
      },
      "R-253": {
        "T-253": 1
      },
      "R-293": {},
      "R-304": {
        "T-304": 1
      },
      "R-324": {
        "T-324": 1
      },