{
  "prevalence": 0.1111111111111111,
  "all_n": {
    "name": "all_n",
    "population": [
      81,
      81,
      81,
      81,
      81,
      81,
      81,
      81,
      81,
      81
    ],
    "size": 10,
    "total": 810,
    "min": 81,
    "q1": 81,
    "median": 81.0,
    "q3": 81,
    "max": 81,
    "mean": 81.0,
    "sd": 0.0
  },
  "all_tp": {
    "name": "all_tp",
    "population": [
      5,
      5,
      5,
      5,
      5,
      5,
      5,
      5,
      5,
      5
    ],
    "size": 10,
    "total": 50,
    "min": 5,
    "q1": 5,
    "median": 5.0,
    "q3": 5,
    "max": 5,
    "mean": 5.0,
    "sd": 0.0
  },
  "all_tn": {
    "name": "all_tn",
    "population": [
      62,
      63,
      62,
      62,
      63,
      63,
      62,
      63,
      62,
      62
    ],
    "size": 10,
    "total": 624,
    "min": 62,
    "q1": 62,
    "median": 62.0,
    "q3": 63,
    "max": 63,
    "mean": 62.4,
    "sd": 0.4898979485566356
  },
  "all_fp": {
    "name": "all_fp",
    "population": [
      10,
      9,
      10,
      10,
      9,
      9,
      10,
      9,
      10,
      10
    ],
    "size": 10,
    "total": 96,
    "min": 9,
    "q1": 9,
    "median": 10.0,
    "q3": 10,
    "max": 10,
    "mean": 9.6,
    "sd": 0.4898979485566356
  },
  "all_fn": {
    "name": "all_fn",
    "population": [
      4,
      4,
      4,
      4,
      4,
      4,
      4,
      4,
      4,
      4
    ],
    "size": 10,
    "total": 40,
    "min": 4,
    "q1": 4,
    "median": 4.0,
    "q3": 4,
    "max": 4,
    "mean": 4.0,
    "sd": 0.0
  },
  "all_accuracy": {
    "name": "all_accuracy",
    "population": [
      0.8271604938271605,
      0.8395061728395061,
      0.8271604938271605,
      0.8271604938271605,
      0.8395061728395061,
      0.8395061728395061,
      0.8271604938271605,
      0.8395061728395061,
      0.8271604938271605,
      0.8271604938271605
    ],
    "size": 10,
    "total": 8.320987654320987,
    "min": 0.8271604938271605,
    "q1": 0.8271604938271605,
    "median": 0.8271604938271605,
    "q3": 0.8395061728395061,
    "max": 0.8395061728395061,
    "mean": 0.8320987654320987,
    "sd": 0.006048122821686832
  },
  "all_balanced_accuracy": {
    "name": "all_balanced_accuracy",
    "population": [
      0.6363636363636364,
      0.6487206823027719,
      0.6363636363636364,
      0.6363636363636364,
      0.6487206823027719,
      0.6487206823027719,
      0.6363636363636364,
      0.6487206823027719,
      0.6363636363636364,
      0.6363636363636364
    ],
    "size": 10,
    "total": 6.413064547392906,
    "min": 0.6363636363636364,
    "q1": 0.6363636363636364,
    "median": 0.6363636363636364,
    "q3": 0.6487206823027719,
    "max": 0.6487206823027719,
    "mean": 0.6413064547392906,
    "sd": 0.006053691455802614
  },
  "all_f1": {
    "name": "all_f1",
    "population": [
      0.4166666666666667,
      0.43478260869565216,
      0.4166666666666667,
      0.4166666666666667,
      0.43478260869565216,
      0.43478260869565216,
      0.4166666666666667,
      0.43478260869565216,
      0.4166666666666667,
      0.4166666666666667
    ],
    "size": 10,
    "total": 4.239130434782609,
    "min": 0.4166666666666667,
    "q1": 0.4166666666666667,
    "median": 0.4166666666666667,
    "q3": 0.43478260869565216,
    "max": 0.43478260869565216,
    "mean": 0.4239130434782609,
    "sd": 0.00887496283617092
  },
  "all_recall": {
    "name": "all_recall",
    "population": [
      0.5555555555555556,
      0.5555555555555556,
      0.5555555555555556,
      0.5555555555555556,
      0.5555555555555556,
      0.5555555555555556,
      0.5555555555555556,
      0.5555555555555556,
      0.5555555555555556,
      0.5555555555555556
    ],
    "size": 10,
    "total": 5.5555555555555545,
    "min": 0.5555555555555556,
    "q1": 0.5555555555555556,
    "median": 0.5555555555555556,
    "q3": 0.5555555555555556,
    "max": 0.5555555555555556,
    "mean": 0.5555555555555555,
    "sd": 1.1102230246251565e-16
  },
  "all_precision": {
    "name": "all_precision",
    "population": [
      0.3333333333333333,
      0.35714285714285715,
      0.3333333333333333,
      0.3333333333333333,
      0.35714285714285715,
      0.35714285714285715,
      0.3333333333333333,
      0.35714285714285715,
      0.3333333333333333,
      0.3333333333333333
    ],
    "size": 10,
    "total": 3.428571428571429,
    "min": 0.3333333333333333,
    "q1": 0.3333333333333333,
    "median": 0.3333333333333333,
    "q3": 0.35714285714285715,
    "max": 0.35714285714285715,
    "mean": 0.34285714285714286,
    "sd": 0.011664236870396099
  },
  "all_specificity": {
    "name": "all_specificity",
    "population": [
      0.9393939393939394,
      0.9402985074626866,
      0.9393939393939394,
      0.9393939393939394,
      0.9402985074626866,
      0.9402985074626866,
      0.9393939393939394,
      0.9402985074626866,
      0.9393939393939394,
      0.9393939393939394
    ],
    "size": 10,
    "total": 9.397557666214382,
    "min": 0.9393939393939394,
    "q1": 0.9393939393939394,
    "median": 0.9393939393939394,
    "q3": 0.9402985074626866,
    "max": 0.9402985074626866,
    "mean": 0.9397557666214382,
    "sd": 0.00044314604120907587
  },
  "frequency_table": {
    "true": {
      "FR01": {},
      "FR02": {
        "T-2": 10
      },
      "FR10": {
        "T-3": 10
      },
      "FR11": {
        "T-4": 10
      },
      "FR12": {},
      "FR13": {
        "T-6": 10
      },
      "FR14": {
        "T-7": 10
      },
      "FR15": {},
      "FR16": {}
    },
    "false": {
      "FR01": {},
      "FR02": {},
      "FR10": {},
      "FR11": {
        "T-6": 10,
        "T-1": 10,
        "T-8": 10,
        "T-7": 10
      },
      "FR12": {},
      "FR13": {
        "T-3": 10,
        "T-2": 10
      },
      "FR14": {
        "T-3": 10,
        "T-6": 10,
        "T-4": 10
      },
      "FR15": {
        "T-4": 6
      },
      "FR16": {}
    }
  },
  "all_err": {
    "name": "all_err",
    "population": [
      3,
      4,
      3,
      3,
      4,
      4,
      3,
      4,
      3,
      3
    ],
    "size": 10,
    "total": 34,
    "min": 3,
    "q1": 3,
    "median": 3.0,
    "q3": 4,
    "max": 4,
    "mean": 3.4,
    "sd": 0.48989794855663565
  },
  "all_time_to_analyze": {
    "name": "all_time_to_analyze",
    "population": [
      9.365241026738659,
      10.095805507618934,
      9.26390531542711,
      9.209755501942709,
      11.747570533305407,
      10.099601302295923,
      9.159422661643475,
      10.964832163183019,
      10.219309945823625,
      9.258059072773904
    ],
    "size": 10,
    "total": 99.38350303075276,
    "min": 9.159422661643475,
    "q1": 9.258059072773904,
    "median": 9.730523267178796,
    "q3": 10.219309945823625,
    "max": 11.747570533305407,
    "mean": 9.938350303075277,
    "sd": 0.82706591602367
  },
  "all_gpu_util_mean": {
    "name": "all_gpu_util_mean",
    "population": [
      89.54285714285714,
      88.175,
      86.11428571428571,
      85.0,
      89.3695652173913,
      87.1951219512195,
      90.02941176470588,
      89.32558139534883,
      85.8048780487805,
      88.5
    ],
    "size": 10,
    "total": 879.0567012345889,
    "min": 85.0,
    "q1": 86.11428571428571,
    "median": 88.3375,
    "q3": 89.3695652173913,
    "max": 90.02941176470588,
    "mean": 87.90567012345889,
    "sd": 1.6836195045132303
  },
  "all_gpu_util_max": {
    "name": "all_gpu_util_max",
    "population": [
      100.0,
      100.0,
      100.0,
      100.0,
      100.0,
      100.0,
      100.0,
      100.0,
      100.0,
      100.0
    ],
    "size": 10,
    "total": 1000.0,
    "min": 100.0,
    "q1": 100.0,
    "median": 100.0,
    "q3": 100.0,
    "max": 100.0,
    "mean": 100.0,
    "sd": 0.0
  },
  "all_vram_util_mean": {
    "name": "all_vram_util_mean",