{
    "meta": {
        "req_path": "./data/Mozilla/05/RE.csv",
        "test_path": "./data/Mozilla/05/ST.csv",
        "mapping_path": "./data/Mozilla/05/mapping.csv"
    },
    "data": {
        "links": {
            "R-30": [],
            "R-33": [
                "T-33"
            ],
            "R-35": [
                "T-35"
            ],
            "R-58": [
                "T-58"
            ],
            "R-64": [],
            "R-73": [
                "T-73"
            ],
            "R-103": [],
            "R-125": [],
            "R-136": [],
            "R-171": [],
            "R-176": [],
            "R-177": [
                "T-177",
                "T-186"
            ],
            "R-181": [],
            "R-186": [],
            "R-197": [
                "T-197"
            ],
            "R-209": [],
            "R-211": [],
            "R-213": [],
            "R-217": [],
            "R-233": [
                "T-233"
            ],
            "R-236": [
                "T-236"
            ],
            "R-241": [],
            "R-250": [],
            "R-262": [
                "T-262"
            ],
            "R-298": []
        },
        "err": {},
        "time_to_analyze": 18.889068408869207,
        "GPU": {
            "utilization": {
                "avg": 94.30555555555556,
                "std": 14.83775056875307,
                "max": 100.0
            },
            "avg_temperature": 48.791666666666664
        },
        "VRAM": {
            "max_usage_MiB": 7237.0,
            "utilization": {
                "avg": 42.361111111111114,
                "std": 7.838700588557896,
                "max": 47.0
            }
        }
    }
}