{
    "meta": {
        "req_path": "./data/Mozilla/02/RE.csv",
        "test_path": "./data/Mozilla/02/ST.csv",
        "mapping_path": "./data/Mozilla/02/mapping.csv"
    },
    "data": {
        "links": {
            "R-11": [],
            "R-14": [],
            "R-20": [
                "T-20"
            ],
            "R-53": [
                "T-53"
            ],
            "R-81": [],
            "R-83": [],
            "R-118": [
                "T-118"
            ],
            "R-121": [],
            "R-122": [
                "T-122"
            ],
            "R-123": [],
            "R-124": [
                "T-124",
                "T-125"
            ],
            "R-125": [
                "T-124",
                "T-125"
            ],
            "R-156": [
                "T-156"
            ],
            "R-158": [
                "T-158"
            ],
            "R-160": [
                "T-160"
            ],
            "R-190": [],
            "R-197": [
                "T-197"
            ],
            "R-203": [
                "T-203"
            ],
            "R-211": [
                "T-211"
            ],
            "R-220": [
                "T-220"
            ],
            "R-243": [
                "T-323"
            ],
            "R-267": [
                "T-267"
            ],
            "R-286": [],
            "R-300": [
                "T-300"
            ],
            "R-323": [
                "T-323"
            ]
        },
        "err": {},
        "time_to_analyze": 15.211521154735237,
        "GPU": {
            "utilization": {
                "avg": 92.03389830508475,
                "std": 18.722074470320816,
                "max": 100.0
            },
            "avg_temperature": 50.271186440677965
        },
        "VRAM": {
            "max_usage_MiB": 16347.0,
            "utilization": {
                "avg": 43.08474576271186,
                "std": 10.52794006047753,
                "max": 62.0
            }
        }
    }
}