{
    "meta": {
        "req_path": "./data/Mozilla/06/RE.csv",
        "test_path": "./data/Mozilla/06/ST.csv",
        "mapping_path": "./data/Mozilla/06/mapping.csv"
    },
    "data": {
        "links": {
            "R-6": [],
            "R-9": [
                "T-9"
            ],
            "R-12": [
                "T-12"
            ],
            "R-16": [
                "T-16"
            ],
            "R-36": [
                "T-123"
            ],
            "R-38": [],
            "R-58": [
                "T-58"
            ],
            "R-68": [],
            "R-72": [
                "T-72"
            ],
            "R-76": [
                "T-76"
            ],
            "R-87": [],
            "R-90": [
                "T-90"
            ],
            "R-95": [],
            "R-104": [],
            "R-112": [],
            "R-116": [
                "T-116"
            ],
            "R-123": [
                "T-123"
            ],
            "R-130": [
                "T-130"
            ],
            "R-139": [],
            "R-151": [
                "T-151"
            ],
            "R-188": [
                "T-188"
            ],
            "R-192": [],
            "R-204": [],
            "R-209": [
                "T-209"
            ],
            "R-320": []
        },
        "err": {},
        "time_to_analyze": 18.39202636387199,
        "GPU": {
            "utilization": {
                "avg": 92.81944444444444,
                "std": 16.325324998502456,
                "max": 100.0
            },
            "avg_temperature": 48.59722222222222
        },
        "VRAM": {
            "max_usage_MiB": 7311.0,
            "utilization": {
                "avg": 41.84722222222222,
                "std": 9.320067282327143,
                "max": 48.0
            }
        }
    }
}