{
    "meta": {
        "req_path": "./data/Mozilla/06/RE.csv",
        "test_path": "./data/Mozilla/06/ST.csv",
        "mapping_path": "./data/Mozilla/06/mapping.csv"
    },
    "data": {
        "links": {
            "R-6": [
                "T-6"
            ],
            "R-9": [
                "T-9"
            ],
            "R-12": [
                "T-12"
            ],
            "R-16": [
                "T-16"
            ],
            "R-36": [
                "T-151"
            ],
            "R-38": [],
            "R-58": [
                "T-58"
            ],
            "R-68": [],
            "R-72": [
                "T-72"
            ],
            "R-76": [
                "T-76"
            ],
            "R-87": [],
            "R-90": [
                "T-90"
            ],
            "R-95": [],
            "R-104": [
                "T-104"
            ],
            "R-112": [],
            "R-116": [
                "T-116"
            ],
            "R-123": [
                "T-123"
            ],
            "R-130": [
                "T-130"
            ],
            "R-139": [],
            "R-151": [
                "T-151"
            ],
            "R-188": [
                "T-188"
            ],
            "R-192": [],
            "R-204": [
                "T-204"
            ],
            "R-209": [
                "T-209"
            ],
            "R-320": []
        },
        "err": {},
        "time_to_analyze": 17.005741295404732,
        "GPU": {
            "utilization": {
                "avg": 93.61194029850746,
                "std": 14.047490042040614,
                "max": 100.0
            },
            "avg_temperature": 51.014925373134325
        },
        "VRAM": {
            "max_usage_MiB": 16167.0,
            "utilization": {
                "avg": 42.985074626865675,
                "std": 8.296572014471769,
                "max": 60.0
            }
        }
    }
}