{
  "prevalence": 0.04,
  "all_n": {
    "name": "all_n",
    "population": [
      625,
      525,
      500,
      500,
      575,
      575,
      550,
      525,
      450,
      475
    ],
    "size": 10,
    "total": 5300,
    "min": 450,
    "q1": 500,
    "median": 525.0,
    "q3": 575,
    "max": 625,
    "mean": 530.0,
    "sd": 49.749371855331
  },
  "all_tp": {
    "name": "all_tp",
    "population": [
      12,
      12,
      14,
      16,
      9,
      16,
      9,
      8,
      13,
      7
    ],
    "size": 10,
    "total": 116,
    "min": 7,
    "q1": 9,
    "median": 12.0,
    "q3": 14,
    "max": 16,
    "mean": 11.6,
    "sd": 3.0724582991474434
  },
  "all_tn": {
    "name": "all_tn",
    "population": [
      600,
      502,
      480,
      475,
      552,
      551,
      525,
      499,
      430,
      455
    ],
    "size": 10,
    "total": 5069,
    "min": 430,
    "q1": 475,
    "median": 500.5,
    "q3": 551,
    "max": 600,
    "mean": 506.9,
    "sd": 48.38274485805864
  },
  "all_fp": {
    "name": "all_fp",
    "population": [
      0,
      2,
      0,
      5,
      0,
      1,
      3,
      5,
      2,
      1
    ],
    "size": 10,
    "total": 19,
    "min": 0,
    "q1": 0,
    "median": 1.5,
    "q3": 3,
    "max": 5,
    "mean": 1.9,
    "sd": 1.8138357147217055
  },
  "all_fn": {
    "name": "all_fn",
    "population": [
      13,
      9,
      6,
      4,
      14,
      7,
      13,
      13,
      5,
      12
    ],
    "size": 10,
    "total": 96,
    "min": 4,
    "q1": 6,
    "median": 10.5,
    "q3": 13,
    "max": 14,
    "mean": 9.6,
    "sd": 3.6386810797320503
  },
  "all_accuracy": {
    "name": "all_accuracy",
    "population": [
      0.9792,
      0.979047619047619,
      0.988,
      0.982,
      0.9756521739130435,
      0.9860869565217392,
      0.9709090909090909,
      0.9657142857142857,
      0.9844444444444445,
      0.9726315789473684
    ],
    "size": 10,
    "total": 9.78368614949759,
    "min": 0.9657142857142857,
    "q1": 0.9726315789473684,
    "median": 0.9791238095238095,
    "q3": 0.9844444444444445,
    "max": 0.988,
    "mean": 0.978368614949759,
    "sd": 0.006779826435962626
  },
  "all_balanced_accuracy": {
    "name": "all_balanced_accuracy",
    "population": [
      0.9893964110929854,
      0.9197651663405088,
      0.9938271604938271,
      0.8767770156079133,
      0.9876325088339223,
      0.9643158338604259,
      0.8629182156133829,
      0.7949969951923077,
      0.9275862068965517,
      0.924652034261242
    ],
    "size": 10,
    "total": 9.241867548193067,
    "min": 0.7949969951923077,
    "q1": 0.8767770156079133,
    "median": 0.9261191205788968,
    "q3": 0.9876325088339223,
    "max": 0.9938271604938271,
    "mean": 0.9241867548193067,
    "sd": 0.06120508681970555
  },
  "all_f1": {
    "name": "all_f1",
    "population": [
      0.6486486486486487,
      0.6857142857142857,
      0.8235294117647058,
      0.7804878048780488,
      0.5625,
      0.7999999999999999,
      0.5294117647058824,
      0.47058823529411764,
      0.7878787878787877,
      0.5185185185185185
    ],
    "size": 10,
    "total": 6.607277457402995,
    "min": 0.47058823529411764,
    "q1": 0.5294117647058824,
    "median": 0.6671814671814672,
    "q3": 0.7878787878787877,
    "max": 0.8235294117647058,
    "mean": 0.6607277457402996,
    "sd": 0.12666898158700302
  },
  "all_recall": {
    "name": "all_recall",
    "population": [
      0.48,
      0.5714285714285714,
      0.7,
      0.8,
      0.391304347826087,
      0.6956521739130435,
      0.4090909090909091,
      0.38095238095238093,
      0.7222222222222222,
      0.3684210526315789
    ],
    "size": 10,
    "total": 5.519071658064793,
    "min": 0.3684210526315789,
    "q1": 0.391304347826087,
    "median": 0.5257142857142857,
    "q3": 0.7,
    "max": 0.8,
    "mean": 0.5519071658064794,
    "sd": 0.15741205608367934
  },
  "all_precision": {
    "name": "all_precision",
    "population": [
      1.0,
      0.8571428571428571,
      1.0,
      0.7619047619047619,
      1.0,
      0.9411764705882353,
      0.75,
      0.6153846153846154,
      0.8666666666666667,
      0.875
    ],
    "size": 10,
    "total": 8.667275371687136,
    "min": 0.6153846153846154,
    "q1": 0.7619047619047619,
    "median": 0.8708333333333333,
    "q3": 1.0,
    "max": 1.0,
    "mean": 0.8667275371687136,
    "sd": 0.12115031640521744
  },
  "all_specificity": {
    "name": "all_specificity",
    "population": [
      0.9787928221859706,
      0.9823874755381604,
      0.9876543209876543,
      0.9916492693110647,
      0.9752650176678446,
      0.9874551971326165,
      0.9758364312267658,
      0.974609375,
      0.9885057471264368,
      0.974304068522484
    ],
    "size": 10,
    "total": 9.816459724698998,
    "min": 0.974304068522484,
    "q1": 0.9752650176678446,
    "median": 0.9805901488620655,
    "q3": 0.9876543209876543,
    "max": 0.9916492693110647,
    "mean": 0.9816459724698998,
    "sd": 0.006352516852670266
  },
  "frequency_table": {
    "true": {
      "R-16": {
        "T-16": 2
      },
      "R-19": {
        "T-19": 1
      },
      "R-27": {
        "T-27": 2
      },
      "R-35": {
        "T-35": 2
      },
      "R-36": {
        "T-36": 3
      },
      "R-60": {
        "T-60": 1
      },
      "R-62": {
        "T-62": 2
      },
      "R-71": {
        "T-71": 1
      },
      "R-102": {},
      "R-123": {
        "T-123": 2
      },
      "R-136": {},
      "R-148": {},
      "R-166": {},
      "R-185": {
        "T-185": 2
      },
      "R-197": {
        "T-197": 3
      },
      "R-203": {},
      "R-224": {
        "T-224": 3
      },
      "R-225": {},
      "R-229": {},
      "R-235": {
        "T-235": 1
      },
      "R-245": {},
      "R-247": {
        "T-247": 3
      },
      "R-297": {
        "T-297": 1
      },
      "R-298": {},
      "R-308": {},
      "R-11": {},
      "R-14": {},
      "R-20": {
        "T-20": 1
      },
      "R-53": {
        "T-53": 1
      },
      "R-81": {},
      "R-83": {},
      "R-118": {
        "T-118": 2
      },
      "R-121": {},
      "R-122": {
        "T-122": 1
      },
      "R-124": {},
      "R-125": {},
      "R-156": {
        "T-156": 2
      },
      "R-158": {
        "T-158": 1
      },
      "R-160": {},
      "R-190": {},
      "R-211": {
        "T-211": 1
      },
      "R-220": {
        "T-220": 2
      },
      "R-243": {},
      "R-267": {
        "T-267": 1
      },
      "R-286": {},
      "R-300": {
        "T-300": 1
      },
      "R-323": {
        "T-323": 1
      },
      "R-17": {},
      "R-18": {
        "T-18": 2
      },
      "R-40": {
        "T-40": 1
      },
      "R-47": {
        "T-47": 1
      },
      "R-48": {
        "T-48": 2
      },
      "R-66": {},
      "R-77": {},
      "R-94": {},
      "R-99": {
        "T-99": 1
      },
      "R-110": {},
      "R-151": {
        "T-151": 2
      },
      "R-155": {},
      "R-199": {
        "T-199": 2
      },
      "R-204": {
        "T-204": 3
      },
      "R-215": {},
      "R-289": {},
      "R-303": {
        "T-303": 2
      },
      "R-311": {},
      "R-322": {},
      "R-10": {},
      "R-37": {
        "T-37": 1
      },
      "R-41": {
        "T-41": 1
      },
      "R-52": {
        "T-52": 1
      },
      "R-69": {
        "T-69": 1
      },
      "R-93": {},
      "R-115": {
        "T-115": 1
      },
      "R-130": {
        "T-130": 2
      },
      "R-165": {},
      "R-171": {},
      "R-174": {
        "T-174": 2
      },
      "R-180": {
        "T-180": 1
      },
      "R-184": {
        "T-184": 2
      },
      "R-214": {
        "T-214": 1
      },
      "R-253": {
        "T-253": 1
      },
      "R-293": {},
      "R-304": {
        "T-304": 1
      },
      "R-324": {
        "T-324": 1
      },
      "R-30": {
        "T-30": 1
      },
      "R-33": {
        "T-33": 2
      },