{
  "prevalence": 0.16666666666666666,
  "all_n": {
    "name": "all_n",
    "population": [
      120,
      120,
      120,
      120,
      120,
      120,
      120,
      120,
      120,
      120
    ],
    "size": 10,
    "total": 1200,
    "min": 120,
    "q1": 120,
    "median": 120.0,
    "q3": 120,
    "max": 120,
    "mean": 120.0,
    "sd": 0.0
  },
  "all_tp": {
    "name": "all_tp",
    "population": [
      17,
      17,
      17,
      17,
      17,
      17,
      17,
      15,
      17,
      17
    ],
    "size": 10,
    "total": 168,
    "min": 15,
    "q1": 17,
    "median": 17.0,
    "q3": 17,
    "max": 17,
    "mean": 16.8,
    "sd": 0.6
  },
  "all_tn": {
    "name": "all_tn",
    "population": [
      84,
      84,
      84,
      84,
      84,
      84,
      84,
      88,
      84,
      84
    ],
    "size": 10,
    "total": 844,
    "min": 84,
    "q1": 84,
    "median": 84.0,
    "q3": 84,
    "max": 88,
    "mean": 84.4,
    "sd": 1.2
  },
  "all_fp": {
    "name": "all_fp",
    "population": [
      16,
      16,
      16,
      16,
      16,
      16,
      16,
      12,
      16,
      16
    ],
    "size": 10,
    "total": 156,
    "min": 12,
    "q1": 16,
    "median": 16.0,
    "q3": 16,
    "max": 16,
    "mean": 15.6,
    "sd": 1.2
  },
  "all_fn": {
    "name": "all_fn",
    "population": [
      3,
      3,
      3,
      3,
      3,
      3,
      3,
      5,
      3,
      3
    ],
    "size": 10,
    "total": 32,
    "min": 3,
    "q1": 3,
    "median": 3.0,
    "q3": 3,
    "max": 5,
    "mean": 3.2,
    "sd": 0.6
  },
  "all_accuracy": {
    "name": "all_accuracy",
    "population": [
      0.8416666666666667,
      0.8416666666666667,
      0.8416666666666667,
      0.8416666666666667,
      0.8416666666666667,
      0.8416666666666667,
      0.8416666666666667,
      0.8583333333333333,
      0.8416666666666667,
      0.8416666666666667
    ],
    "size": 10,
    "total": 8.433333333333334,
    "min": 0.8416666666666667,
    "q1": 0.8416666666666667,
    "median": 0.8416666666666667,
    "q3": 0.8416666666666667,
    "max": 0.8583333333333333,
    "mean": 0.8433333333333334,
    "sd": 0.004999999999999983
  },
  "all_balanced_accuracy": {
    "name": "all_balanced_accuracy",
    "population": [
      0.7403343782654128,
      0.7403343782654128,
      0.7403343782654128,
      0.7403343782654128,
      0.7403343782654128,
      0.7403343782654128,
      0.7403343782654128,
      0.7508960573476703,
      0.7403343782654128,
      0.7403343782654128
    ],
    "size": 10,
    "total": 7.413905461736385,
    "min": 0.7403343782654128,
    "q1": 0.7403343782654128,
    "median": 0.7403343782654128,
    "q3": 0.7403343782654128,
    "max": 0.7508960573476703,
    "mean": 0.7413905461736385,
    "sd": 0.003168503724677241
  },
  "all_f1": {
    "name": "all_f1",
    "population": [
      0.6415094339622641,
      0.6415094339622641,
      0.6415094339622641,
      0.6415094339622641,
      0.6415094339622641,
      0.6415094339622641,
      0.6415094339622641,
      0.6382978723404256,
      0.6415094339622641,
      0.6415094339622641
    ],
    "size": 10,
    "total": 6.411882778000803,
    "min": 0.6382978723404256,
    "q1": 0.6415094339622641,
    "median": 0.6415094339622641,
    "q3": 0.6415094339622641,
    "max": 0.6415094339622641,
    "mean": 0.6411882778000803,
    "sd": 0.0009634684865515663
  },
  "all_recall": {
    "name": "all_recall",
    "population": [
      0.85,
      0.85,
      0.85,
      0.85,
      0.85,
      0.85,
      0.85,
      0.75,
      0.85,
      0.85
    ],
    "size": 10,
    "total": 8.399999999999999,
    "min": 0.75,
    "q1": 0.85,
    "median": 0.85,
    "q3": 0.85,
    "max": 0.85,
    "mean": 0.8399999999999999,
    "sd": 0.029999999999999995
  },
  "all_precision": {
    "name": "all_precision",
    "population": [
      0.5151515151515151,
      0.5151515151515151,
      0.5151515151515151,
      0.5151515151515151,
      0.5151515151515151,
      0.5151515151515151,
      0.5151515151515151,
      0.5555555555555556,
      0.5151515151515151,
      0.5151515151515151
    ],
    "size": 10,
    "total": 5.191919191919192,
    "min": 0.5151515151515151,
    "q1": 0.5151515151515151,
    "median": 0.5151515151515151,
    "q3": 0.5151515151515151,
    "max": 0.5555555555555556,
    "mean": 0.5191919191919192,
    "sd": 0.012121212121212133
  },
  "all_specificity": {
    "name": "all_specificity",
    "population": [
      0.9655172413793104,
      0.9655172413793104,
      0.9655172413793104,
      0.9655172413793104,
      0.9655172413793104,
      0.9655172413793104,
      0.9655172413793104,
      0.946236559139785,
      0.9655172413793104,
      0.9655172413793104
    ],
    "size": 10,
    "total": 9.635891731553578,
    "min": 0.946236559139785,
    "q1": 0.9655172413793104,
    "median": 0.9655172413793104,
    "q3": 0.9655172413793104,
    "max": 0.9655172413793104,
    "mean": 0.9635891731553577,
    "sd": 0.0057842046718576175
  },
  "frequency_table": {
    "true": {
      "4.2": {
        "HSP/HS/OAC/BV-01-I": 10,
        "HSP/AG/IAC/BV-01-I": 10,
        "HSP/HS/IAC/BV-01-I": 10,
        "HSP/AG/OAC/BV-01-I": 10
      },
      "4.2.1": {
        "HSP/AG/IAC/BV-02-I": 10,
        "HSP/HS/IAC/BV-02-I": 10
      },
      "4.2.2": {},
      "4.3": {
        "HSP/HS/OAC/BV-01-I": 9,
        "HSP/AG/OAC/BV-01-I": 9
      },
      "4.5": {
        "HSP/AG/ACR/BV-01-I": 10,
        "HSP/HS/ACR/BV-01-I": 10,
        "HSP/HS/ACR/BV-02-I": 10
      },
      "4.6.1": {
        "HSP/AG/ACT/BV-01-I": 10
      },
      "4.6.2": {
        "HSP/AG/ACT/BV-02-I": 10,
        "HSP/HS/ACT/BV-02-I": 10
      },
      "4.7": {
        "HSP/AG/RAV/BV-03-I": 10,
        "HSP/AG/RAV/BV-02-I": 10,
        "HSP/HS/RAV/BV-03-I": 10
      }
    },
    "false": {
      "4.2": {
        "HSP/AG/ACT/BV-01-I": 10,
        "HSP/HS/ACT/BV-02-I": 10,
        "HSP/HS/ACR/BV-02-I": 10
      },
      "4.2.1": {},
      "4.2.2": {
        "HSP/AG/IAC/BV-02-I": 10,
        "HSP/HS/IAC/BV-02-I": 10
      },
      "4.3": {
        "HSP/HS/ACT/BV-02-I": 10,
        "HSP/AG/ACR/BV-01-I": 9,
        "HSP/AG/ACT/BV-01-I": 10,
        "HSP/HS/ACR/BV-02-I": 9,
        "HSP/HS/ACR/BV-01-I": 9,
        "HSP/AG/ACT/BV-02-I": 9,
        "HSP/HS/IAC/BV-02-I": 10
      },
      "4.5": {
        "HSP/HS/ACT/BV-02-I": 10
      },
      "4.6.1": {
        "HSP/AG/ACT/BV-02-I": 10,
        "HSP/HS/ACT/BV-02-I": 10
      },
      "4.6.2": {
        "HSP/AG/ACT/BV-01-I": 10
      },
      "4.7": {}
    }
  },
  "all_err": {
    "name": "all_err",
    "population": [
      0,
      0,
      0,
      0,
      0,
      0,
      0,
      0,
      0,
      0
    ],
    "size": 10,
    "total": 0,
    "min": 0,
    "q1": 0,
    "median": 0.0,
    "q3": 0,
    "max": 0,
    "mean": 0.0,
    "sd": 0.0
  },
  "all_time_to_analyze": {
    "name": "all_time_to_analyze",
    "population": [
      8.502018510363996,
      8.36040019756183,
      8.397119480883703,
      8.32121651340276,
      8.379404145292938,
      8.310197819024324,
      8.3222163496539,
      8.601111568510532,
      8.323662449140102,
      8.35051475209184
    ],
    "size": 10,
    "total": 83.86786178592592,
    "min": 8.310197819024324,
    "q1": 8.3222163496539,
    "median": 8.355457474826835,
    "q3": 8.397119480883703,
    "max": 8.601111568510532,
    "mean": 8.386786178592592,
    "sd": 0.08927821504701584
  },
  "all_gpu_util_mean": {
    "name": "all_gpu_util_mean",
    "population": [
      92.6,
      81.23684210526316,
      80.02702702702703,
      80.69444444444444,
      81.29729729729729,
      77.92105263157895,
      78.575,
      76.22857142857143,
      79.5,
      79.225
    ],
    "size": 10,
    "total": 807.3052349341823,
    "min": 76.22857142857143,
    "q1": 78.575,
    "median": 79.76351351351352,
    "q3": 81.23684210526316,
    "max": 92.6,
    "mean": 80.73052349341823,
    "sd": 4.225470886223559
  },