{
    "meta": {
        "req_path": "./data/AMINA/01/RE.csv",
        "test_path": "./data/AMINA/01/ST.csv",
        "mapping_path": "./data/AMINA/01/mapping.csv"
    },
    "data": {
        "links": {
            "S1": [
                "406"
            ],
            "S2": [
                "35"
            ],
            "S12": [
                "364"
            ],
            "S24": [
                "43",
                "44"
            ],
            "S56": [
                "245"
            ],
            "S59": [
                "248",
                "249",
                "250"
            ],
            "S75": [
                "451",
                "452"
            ],
            "S89": [
                "141"
            ],
            "S116": [
                "49"
            ],
            "S135": [
                "216"
            ],
            "S177": [
                "216",
                "245",
                "250",
                "271",
                "352"
            ],
            "S182": [
                "480",
                "486"
            ],
            "S234": [
                "21"
            ],
            "S236": [
                "23",
                "216",
                "238"
            ],
            "B53": [
                "434"
            ],
            "B85": [
                "238",
                "216"
            ],
            "B87": [
                "271"
            ],
            "B93": [
                "281"
            ],
            "B105": [
                "141"
            ],
            "B106": [
                "642"
            ],
            "B108": [
                "32"
            ],
            "S549": [
                "90"
            ],
            "S555": [
                "96"
            ],
            "S557": [
                "98"
            ],
            "S558": [
                "99"
            ]
        },
        "err": {},
        "time_to_analyze": 34.018210771726444,
        "GPU": {
            "utilization": {
                "avg": 68.4076923076923,
                "std": 18.004605850797624,
                "max": 100.0
            },
            "avg_temperature": 39.91538461538462
        },
        "VRAM": {
            "max_usage_MiB": 5913.0,
            "utilization": {
                "avg": 30.384615384615383,
                "std": 21.269545362523466,
                "max": 69.0
            }
        }
    }
}