{
    "meta": {
        "req_path": "./data/AMINA/04/RE.csv",
        "test_path": "./data/AMINA/04/ST.csv",
        "mapping_path": "./data/AMINA/04/mapping.csv"
    },
    "data": {
        "links": {
            "S1": [
                "302",
                "303",
                "304",
                "406"
            ],
            "S28": [
                "63"
            ],
            "S56": [
                "245"
            ],
            "S75": [
                "451",
                "452"
            ],
            "S77": [
                "455",
                "456"
            ],
            "S116": [
                "49"
            ],
            "S139": [
                "222"
            ],
            "S147": [
                "255"
            ],
            "S148": [
                "256"
            ],
            "S152": [
                "260"
            ],
            "S155": [
                "260",
                "263"
            ],
            "S172": [
                "29"
            ],
            "S221": [
                "653"
            ],
            "S228": [
                "33"
            ],
            "S231": [
                "20"
            ],
            "B11": [
                "302",
                "303",
                "304"
            ],
            "B33": [
                "304",
                "330"
            ],
            "B48": [
                "471",
                "472"
            ],
            "B71": [
                "218"
            ],
            "B87": [
                "271"
            ],
            "B91": [
                "279"
            ],
            "B106": [
                "642"
            ],
            "S546": [
                "87"
            ],
            "S548": [
                "89"
            ],
            "S558": [
                "99"
            ]
        },
        "err": {},
        "time_to_analyze": 13.670407195575535,
        "GPU": {
            "utilization": {
                "avg": 90.79245283018868,
                "std": 19.25672558890493,
                "max": 100.0
            },
            "avg_temperature": 44.22641509433962
        },
        "VRAM": {
            "max_usage_MiB": 6403.0,
            "utilization": {
                "avg": 36.924528301886795,
                "std": 11.699521779516285,
                "max": 49.0
            }
        }
    }
}