{
    "meta": {
        "req_path": "./data/Mozilla/01/RE.csv",
        "test_path": "./data/Mozilla/01/ST.csv",
        "mapping_path": "./data/Mozilla/01/mapping.csv"
    },
    "data": {
        "links": {
            "R-16": [],
            "R-19": [
                "T-19"
            ],
            "R-27": [
                "T-27"
            ],
            "R-35": [
                "T-35"
            ],
            "R-36": [
                "T-36"
            ],
            "R-60": [
                "T-60"
            ],
            "R-62": [
                "T-62"
            ],
            "R-71": [
                "T-71"
            ],
            "R-102": [
                "T-102"
            ],
            "R-123": [
                "T-123"
            ],
            "R-136": [],
            "R-148": [],
            "R-166": [],
            "R-185": [
                "T-166",
                "T-185"
            ],
            "R-197": [
                "T-197"
            ],
            "R-203": [],
            "R-224": [],
            "R-225": [],
            "R-229": [
                "T-229"
            ],
            "R-235": [
                "T-235"
            ],
            "R-245": [],
            "R-247": [
                "T-247"
            ],
            "R-297": [
                "T-297"
            ],
            "R-298": [],
            "R-308": []
        },
        "err": {},
        "time_to_analyze": 15.915210018632933,
        "GPU": {
            "utilization": {
                "avg": 92.16129032258064,
                "std": 18.145309242008018,
                "max": 100.0
            },
            "avg_temperature": 46.61290322580645
        },
        "VRAM": {
            "max_usage_MiB": 6847.0,
            "utilization": {
                "avg": 40.725806451612904,
                "std": 10.120858764248188,
                "max": 48.0
            }
        }
    }
}